tree
version=v4
num_class=1
num_tree_per_iteration=1
label_index=0
max_feature_idx=11
objective=lambdarank
feature_names=Column_0 Column_1 Column_2 Column_3 Column_4 Column_5 Column_6 Column_7 Column_8 Column_9 Column_10 Column_11
feature_infos=[-7.7999999999999998:25] [0:5] [0:1] [0:1] [0:4] [0:1] [0:1] [0:1] [0:1] [0:6] [0:6] [0:24]
tree_sizes=1753 1740 1751 1724 1741 1750 1758 1749 1746 1744 1736 1764 1756 1745 1766 1755 1755 1761 1753 1745 1761 1758 1746 1748 1746 1765 1761 1750 1758 1759 1716 1756 1739 1752 1746 1745 1766 1746 1751 1754 1748 1763 1760 1748 1744 1764 1756 1751 1759 1748 1755 1761 1770 1745 1762 1755 1742 1736 1764 1749 1758 1734 1765 1757 1736 1758 1753 1762 1761 1751 1759 1750 1776 1765 1763 1775 1771 1773

Tree=0
num_leaves=15
num_cat=0
split_feature=2 6 1 3 4 3 1 6 1 6 7 0 3 7
split_gain=206.358 118.155 73.0892 25.4519 17.8964 11.9902 9.29893 8.01707 7.10449 6.42212 4.76544 4.74831 4.14432 3.71305
threshold=1.0000000180025095e-35 1.0000000180025095e-35 0.92916666666666681 0.87500000000000011 1.5000000000000002 0.87500000000000011 1.0071428571428573 1.0000000180025095e-35 0.82678571428571435 1.0000000180025095e-35 1.0000000180025095e-35 0.95000000000000029 0.58333333333333337 1.0000000180025095e-35
decision_type=2 8 8 2 2 2 8 10 8 10 10 10 2 10
left_child=-1 3 5 6 7 -3 -2 13 -5 -6 11 -9 -8 -4
right_child=1 2 4 8 9 -7 12 10 -10 -11 -12 -13 -14 -15
leaf_value=-0.096954206782510557 -0.092106811180449014 -0.049558070782062147 -0.014687819104077435 -0.064049030230620127 0.053183291866154572 0.024060786299474102 -0.056651881000837824 0.014967011023990326 0.039636366363558592 0.089784675071265613 0.086058244636805614 0.057480037146303446 -0.016236565567179048 0.058350255043960922
leaf_weight=44.428700731135905 14.048504691105334 18.691615786403421 7.9194836171809566 1.968204350443554 15.704517338890581 7.8550774436444035 17.639942567329854 10.291679766261952 10.286939368117601 50.595790040446445 7.8708256809040895 18.153204275062308 9.9047156861051935 2.2300916546955705
leaf_count=1732 624 887 317 111 387 247 810 387 326 1094 168 515 425 68
internal_value=0.000207376 0.0225554 0.0468678 -0.0403437 0.0644397 -0.0277745 -0.0590029 0.0406462 0.0229843 0.0811149 0.0516259 0.0420983 -0.042119 0.0013603
internal_weight=237.589 193.161 139.312 53.8483 112.766 26.5467 41.5932 46.4653 12.2551 66.3003 36.3157 28.4449 27.5447 10.1496
internal_count=8098 6366 4070 2296 2936 1134 1859 1455 437 1481 1070 902 1235 385
is_linear=0
shrinkage=0.05


Tree=1
num_leaves=15
num_cat=0
split_feature=6 4 1 7 10 1 3 1 6 10 1 2 1 3
split_gain=404.297 194.709 145.37 55.9464 47.0002 29.4439 24.956 18.1288 15.2705 15.3661 10.059 9.62395 8.33837 7.20223
threshold=1.0000000180025095e-35 1.5000000000000002 1.0071428571428573 1.0000000180025095e-35 2.5000000000000004 0.95357142857142863 0.87500000000000011 1.1690476190476191 1.0000000180025095e-35 1.5000000000000002 1.0816666666666668 1.0000000180025095e-35 1.3100000000000003 0.41666666666666669
decision_type=10 2 10 10 10 8 2 10 8 10 10 2 10 2
left_child=8 3 4 7 5 -3 -7 -2 -1 -10 -5 -9 -13 -12
right_child=1 2 -4 10 -6 6 -8 11 9 -11 13 12 -14 -15
leaf_value=-0.086460323891622975 -0.083338844957133673 -0.071494138871028678 0.076048903506950261 -0.018748635912785094 0.078232356756536031 -0.020033690926321113 0.033658242361567108 -0.091664345559699545 -0.07381345335547139 -0.01789543361174132 0.015769331323790076 0.044366361999517025 -0.032426072189948731 0.079357549559389839
leaf_weight=85.66007533390075 33.54063980281353 15.625393917551262 172.71245520329103 7.5217155609279898 18.518892515450716 50.531138052232563 37.854819819331169 6.1107286140322676 31.558639022987336 20.117308657383546 8.2380532985553145 3.9913441329263142 30.915248349308968 9.6918805355671793
leaf_count=2911 1126 470 711 124 67 214 127 233 882 410 104 35 520 76
internal_value=0.000393637 0.0260727 0.0464975 -0.0342241 0.00484333 -0.00822336 0.00296203 -0.0560739 -0.0735106 -0.0520447 0.0297824 -0.0337788 -0.0236454 0.0501414
internal_weight=532.588 395.252 295.243 100.01 122.53 104.011 88.386 74.558 137.336 51.6759 25.4516 41.0173 34.9066 17.9299
internal_count=8010 3807 1589 2218 878 811 341 1914 4203 1292 304 788 555 180
is_linear=0
shrinkage=0.05


Tree=2
num_leaves=15
num_cat=0
split_feature=6 4 1 7 1 6 10 1 10 2 4 0 4 7
split_gain=357.36 176.933 77.2465 55.119 20.0288 16.2137 19.2074 14.4286 26.1961 12.9269 11.082 9.42233 6.37728 5.36424
threshold=1.0000000180025095e-35 1.5000000000000002 0.95357142857142863 1.0000000180025095e-35 1.1690476190476191 1.0000000180025095e-35 1.5000000000000002 1.3100000000000003 1.5000000000000002 1.0000000180025095e-35 1.5000000000000002 0.45000000000000023 2.5000000000000004 1.0000000180025095e-35
decision_type=10 2 8 10 10 8 10 10 10 2 2 10 2 8
left_child=5 3 -3 4 -2 -1 -7 8 12 -6 13 -5 -4 -8
right_child=1 2 7 11 9 6 10 -9 -10 -11 -12 -13 -14 -15
leaf_value=-0.081291266174843155 -0.080039788435288015 -0.064279649995893223 -0.0012377280194231211 -0.019824765040918544 -0.085923278502821679 -0.073794841351650139 -0.074628245235905791 0.066694653821625871 0.065447459511819656 -0.011580685743402472 0.026244028947306614 0.04867816850836431 0.054319613174587104 -0.0079434207467570499
leaf_weight=87.376751534000505 34.469718905631453 13.871567700523881 29.633089723531157 6.6973602204816443 7.3437877874821416 27.296747557469644 6.5600647212704635 145.64785233861767 45.979933651629835 28.695835816150066 10.460390882333741 20.039475127356127 6.2556725264294064 5.5817325779353277
leaf_count=2950 1140 482 295 128 239 893 175 649 136 570 158 181 50 88
internal_value=-0.000255496 0.0273307 0.0502704 -0.029611 -0.0527911 -0.0683057 -0.0455669 0.0572544 0.0404599 -0.0267295 -0.0114759 0.0315187 0.00844632 -0.0439724
internal_weight=475.91 338.634 241.388 97.2462 70.5093 137.276 49.8989 227.517 81.8687 36.0396 22.6022 26.7368 35.8888 12.1418
internal_count=8134 3870 1612 2258 1949 4264 1314 1130 481 809 421 309 345 263
is_linear=0
shrinkage=0.05


Tree=3
num_leaves=15
num_cat=0
split_feature=4 1 7 2 3 0 0 7 2 0 1 10 3 10
split_gain=256.977 108.229 54.6809 32.7587 22.3378 22.3308 13.8619 12.3465 10.618 9.13375 8.58939 6.47579 6.29472 4.3678
threshold=1.5000000000000002 1.0071428571428573 1.0000000180025095e-35 1.0000000180025095e-35 0.70833333333333337 1.05 0.90000000000000024 1.0000000180025095e-35 1.0000000180025095e-35 0.45000000000000023 1.3100000000000003 2.5000000000000004 0.58333333333333337 2.5000000000000004
decision_type=2 8 10 2 2 10 10 10 2 10 10 10 2 10
left_child=2 -2 6 -4 5 7 -1 11 -8 -5 -10 -3 -7 -6
right_child=1 4 3 9 13 12 8 -9 10 -11 -12 -13 -14 -15
leaf_value=-0.078901977356812383 -0.058733402658281642 -0.029525343209280741 -0.08716464895945604 -0.018906025008156385 0.048041349736712757 -0.0031558250856651461 -0.081950191556115506 0.049972371454577641 0.037600382061995646 0.04302933117289056 -0.040116984583099285 0.012191331614306052 0.045409356563146458 0.067758511611797537
leaf_weight=73.635800695279613 31.362230341183022 24.384744477400091 7.9658349500969043 8.0910689216107148 76.712732920859708 7.3066954542882732 14.886014993302522 9.4685955707682279 3.9361982373520723 22.523101973347366 36.731777302979026 15.04092138353735 76.829443264519796 44.311810063081793
leaf_count=2549 1067 466 219 181 764 64 498 70 34 261 1029 53 616 229
internal_value=3.20359e-05 0.0288986 -0.049077 0.00315824 0.0397165 0.0255753 -0.0646761 -0.00129731 -0.0458199 0.0266603 -0.0325948 -0.0136104 0.0411918 0.0552606
internal_weight=453.187 285.417 167.77 38.58 254.055 133.03 129.19 48.8943 55.554 30.6142 40.668 39.4257 84.1361 121.025
internal_count=8100 3329 4771 661 2262 1269 4110 589 1561 442 1063 519 680 993
is_linear=0
shrinkage=0.05


Tree=4
num_leaves=15
num_cat=0
split_feature=6 0 2 3 7 6 10 0 5 3 7 8 0 0
split_gain=269.208 131.427 103.507 37.789 27.3567 17.9564 16.9156 8.60305 8.36512 6.67936 9.09629 7.65445 8.97105 5.62301
threshold=1.0000000180025095e-35 1.0000000180025095e-35 1.0000000180025095e-35 0.58333333333333337 1.0000000180025095e-35 1.0000000180025095e-35 1.5000000000000002 0.95000000000000029 1.0000000180025095e-35 0.70833333333333337 1.0000000180025095e-35 1.0000000180025095e-35 2.2500000000000004 1.55
decision_type=10 8 2 2 10 8 10 10 2 2 10 10 10 8
left_child=5 -2 -3 4 7 -1 -7 -4 -8 10 11 -5 13 -13
right_child=1 2 3 9 -6 6 8 -9 -10 -11 -12 12 -14 -15
leaf_value=-0.073356109437459446 -0.064828724686956676 -0.080667364502895092 -0.053493828877206086 -0.0092990792153398779 0.0577953944162172 -0.063643952657468028 0.0069565804553730322 0.00042447592619058913 -0.081464942698340856 0.064153252338525854 0.074774483117649601 0.056773308048543497 0.062049893398125777 -0.0028339296235617866
leaf_weight=84.729574601980858 35.30473198601976 17.238046938553452 9.9068482016446051 8.5386762679554504 20.74784101761179 25.254680314683355 20.356999514799103 29.214448717830237 3.0794609850272527 119.31467891007196 18.54221782553941 5.7781090741045791 24.897550448775291 12.549934865906833
leaf_count=2959 1235 542 379 56 174 892 333 527 97 513 84 58 141 154
internal_value=-0.000300494 0.0258288 0.0378284 0.0460156 0.0113844 -0.059451 -0.0352541 -0.0132295 -0.00466167 0.0569497 0.0447249 0.033961 0.0425065 0.0159579
internal_weight=435.454 302.033 266.728 249.49 59.8691 133.421 48.6911 39.1213 23.4365 189.621 70.3065 51.7643 43.2256 18.328
internal_count=8144 3863 2628 2086 1080 4281 1322 906 430 1006 493 409 353 212
is_linear=0
shrinkage=0.05


Tree=5
num_leaves=15
num_cat=0
split_feature=6 1 2 3 7 10 6 3 1 10 3 0 3 1
split_gain=221.49 117.847 84.6977 32.3681 25.0384 17.7932 16.9236 9.51052 8.69643 12.0637 8.26768 6.95973 5.58099 4.03364
threshold=1.0000000180025095e-35 1.0071428571428573 1.0000000180025095e-35 0.58333333333333337 1.0000000180025095e-35 1.5000000000000002 1.0000000180025095e-35 0.58333333333333337 1.1775000000000004 1.5000000000000002 0.87500000000000011 0.95000000000000029 0.70833333333333337 2.1125000000000003
decision_type=10 8 2 2 10 10 8 2 10 10 2 10 2 10
left_child=5 12 -3 4 11 -1 10 -8 9 -5 -7 -4 -2 -13
right_child=1 2 3 8 -6 6 7 -9 -10 -11 -12 13 -14 -15
leaf_value=-0.069505953323466291 -0.071642290808928658 -0.076861220542717573 -0.054678107886567344 0.0066255544545571537 0.053636350910275014 -0.073407399996300568 -0.033095439647870144 0.030353170209572497 0.06068201307804854 0.057748240137769948 0.00048697673580327369 0.020751026932156809 -0.019692466309093035 -0.018024855179354315
leaf_weight=79.749585164361633 28.449846538249403 15.586980286985634 8.2824505658354592 20.3566944875638 21.556273249851074 20.467442737426612 11.599968894792257 12.032305369153617 130.77780399180483 26.642568941460922 4.6442209859378627 11.190299095702359 6.318016425066161 16.739275886648102
leaf_count=2918 1041 517 352 251 169 781 271 150 644 106 136 158 228 363
internal_value=-0.000433182 0.0240729 0.0360172 0.0434868 0.0109717 -0.0549596 -0.0311605 -0.00079076 0.0540525 0.0356056 -0.0597412 -0.0144256 -0.062202 -0.00248886
internal_weight=414.394 285.9 251.132 235.545 57.7683 128.494 48.7439 23.6323 177.777 46.9993 25.1117 36.212 34.7679 27.9296
internal_count=8085 3829 2560 2043 1042 4256 1338 421 1001 357 917 873 1269 521
is_linear=0
shrinkage=0.05


Tree=6
num_leaves=15
num_cat=0
split_feature=6 3 1 7 0 10 3 0 10 2 3 1 6 3
split_gain=200.908 106.086 46.3683 33.8022 18.14 16.9939 13.2371 11.3945 10.3656 9.09063 7.17143 4.9512 4.75479 6.78008
threshold=1.0000000180025095e-35 0.58333333333333337 0.95357142857142863 1.0000000180025095e-35 0.95000000000000029 1.5000000000000002 0.58333333333333337 1.0000000180025095e-35 2.5000000000000004 1.0000000180025095e-35 0.41666666666666669 2.1125000000000003 1.0000000180025095e-35 0.87500000000000011
decision_type=10 2 8 10 10 10 2 10 10 2 2 10 8 2
left_child=5 3 -3 4 -2 -1 -7 8 -4 -6 -5 -11 13 -8
right_child=1 2 7 10 9 6 12 -9 -10 11 -12 -13 -14 -15
leaf_value=-0.067264341710345094 -0.067094483943748437 -0.053754625495732171 0.0065118243820503439 -0.00086928921477789065 -0.071918715816945117 -0.053089003054581002 -0.069775542726278575 0.057927366378083135 0.058640603579853227 0.022358944747398152 0.051444131000012987 -0.020675974616676859 0.021436774360935204 0.012786991266398831
leaf_weight=74.980845188489184 31.460504157701507 11.151367994840255 23.590151291136863 12.178227015014272 5.6095044659450641 26.109679371525999 4.6410554931499082 141.52932347776368 16.007082669064403 11.800670932396317 14.178277559927665 15.413129125197882 11.678962260310071 5.3566275747143663
leaf_count=2897 1266 457 336 185 213 849 199 691 61 158 128 380 154 133
internal_value=0.00100159 0.0241801 0.0452016 -0.0204135 -0.0399647 -0.0524135 -0.0291111 0.051294 0.0275848 -0.0139614 0.0272723 -0.00201482 -0.000229636 -0.0255396
internal_weight=405.685 282.918 192.278 90.6403 64.2838 122.767 47.7863 181.127 39.5972 32.8233 26.3565 27.2138 21.6766 9.99768
internal_count=8107 3875 1545 2330 2017 4232 1335 1088 397 751 313 538 486 332
is_linear=0
shrinkage=0.05


Tree=7
num_leaves=15
num_cat=0
split_feature=6 1 2 4 7 10 3 1 10 6 3 1 7 1
split_gain=179.469 91.6405 70.0203 23.1945 16.5344 12.4407 12.7245 7.44194 8.30106 4.85732 4.60656 3.99357 3.234 3.08826
threshold=1.0000000180025095e-35 1.0071428571428573 1.0000000180025095e-35 1.5000000000000002 1.0000000180025095e-35 1.5000000000000002 0.58333333333333337 1.0071428571428573 1.5000000000000002 1.0000000180025095e-35 0.87500000000000011 1.1690476190476191 1.0000000180025095e-35 4.3550000000000013
decision_type=10 8 2 2 10 10 2 10 10 8 2 10 10 8
left_child=5 -2 -3 4 11 -1 -7 8 -5 10 -8 -4 -9 -11
right_child=1 2 3 7 -6 6 9 12 -10 13 -12 -13 -14 -15
leaf_value=-0.065387097179491011 -0.059281977446323048 -0.07280562491452082 -0.047655757267248362 0.0019162896135715272 0.046105017335457424 -0.056408854769261885 -0.067359074128338331 0.04852973560477751 0.049165433808659925 0.041568549982668873 0.0024024799591591665 -0.0032189215016294273 0.065863536632450703 -0.011447008492136441
leaf_weight=71.025961823819671 30.899397905333899 14.921405501663683 6.2209885743213809 16.803209351259284 19.885373404016718 24.245433764706831 4.3426266030874121 100.87675910675898 20.805913251708262 6.4951062821783099 5.1999033063766547 27.001357213477604 36.697726033627987 4.760065227979795
leaf_count=2887 1251 541 297 241 172 854 198 573 109 64 141 575 121 85
internal_value=-0.000239291 0.0218268 0.0321314 0.0389902 0.0100444 -0.0523512 -0.0317957 0.0477653 0.0280552 -0.00310222 -0.0293447 -0.0115399 0.0531535 0.0191471
internal_weight=390.181 274.112 243.213 228.291 53.1077 116.069 45.0431 175.184 37.6091 20.7977 9.54253 33.2223 137.574 11.2552
internal_count=8109 3880 2629 2088 1044 4229 1342 1044 350 488 339 872 694 149
is_linear=0
shrinkage=0.05


Tree=8
num_leaves=15
num_cat=0
split_feature=3 1 7 2 1 0 2 10 7 1 1 3 3 10
split_gain=142.325 67.1728 31.4247 17.5618 16.8648 14.5036 9.16154 8.99783 8.4531 5.3458 4.96737 4.96192 3.63126 2.61459
threshold=0.58333333333333337 1.0071428571428573 1.0000000180025095e-35 1.0000000180025095e-35 1.2464285714285717 0.90000000000000024 1.0000000180025095e-35 1.5000000000000002 1.0000000180025095e-35 2.1125000000000003 1.0414285714285716 0.70833333333333337 0.87500000000000011 1.5000000000000002
decision_type=2 8 10 2 10 10 2 10 10 10 8 2 2 10
left_child=2 13 5 -4 7 -1 -7 11 12 -8 -5 -3 -6 -2
right_child=1 4 3 10 8 6 9 -9 -10 -11 -12 -13 -14 -15
leaf_value=-0.066388673379028415 -0.059014946043453746 -0.031450342329531034 -0.072563598887925476 -0.044740200656725626 0.025031691069393937 -0.068698660590073971 0.0034872107018298973 0.031874774570090858 0.062192008352173249 -0.033563967692295651 0.026928991049770035 0.010842450509712033 0.043946011608677248 -0.005776227901327916
leaf_weight=62.238708966237027 21.659198205918077 12.986486956593581 6.1702916780486694 2.6624312093481448 44.423472588532604 12.403572661802171 15.528411177685483 26.384262876585126 43.069403656118084 26.095334641227964 26.30181935877772 14.88330547825899 59.180834924278315 2.5809602667577556
leaf_count=2633 947 348 218 80 594 499 307 247 228 816 381 260 488 70
internal_value=7.38186e-05 0.0252795 -0.0374129 0.00402525 0.034765 -0.0499352 -0.030981 0.0109473 0.0435752 -0.0197414 0.0203411 -0.00886472 0.0358359 -0.0533464
internal_weight=376.568 225.168 151.401 35.1345 200.928 116.266 54.0273 54.2541 146.674 41.6237 28.9643 27.8698 103.604 24.2402
internal_count=8116 3182 4934 679 2165 4255 1622 855 1310 1123 461 608 1082 1017
is_linear=0
shrinkage=0.05


Tree=9
num_leaves=15
num_cat=0
split_feature=6 1 5 3 10 7 3 0 10 0 0 1 1 3
split_gain=138.032 74.0793 57.5315 23.0648 15.6948 13.8517 13.7538 10.9227 6.18982 5.04493 4.75896 4.18826 3.08414 3.11846
threshold=1.0000000180025095e-35 1.0071428571428573 1.0000000180025095e-35 0.58333333333333337 1.5000000000000002 1.0000000180025095e-35 0.58333333333333337 23.050000000000004 1.5000000000000002 1.8500000000000003 0.95000000000000029 2.1125000000000003 3.3125000000000004 0.87500000000000011
decision_type=10 8 2 2 10 10 2 8 10 10 10 10 10 2
left_child=4 -2 3 5 -1 10 -6 -5 -9 -8 -3 -12 -11 -14
right_child=1 2 -4 7 6 -7 9 8 -10 12 11 -13 13 -15
leaf_value=-0.061441546923382488 -0.054967595342285458 -0.04873607924167097 -0.069457213511859725 0.053202646169859348 -0.051958784418708041 0.04147252106135451 -0.030522357856918165 -0.00068917069737279679 0.042260562919473388 0.037961143590305474 0.018345582176783681 -0.021214921652622201 -0.041298082765471471 0.023029912475040965
leaf_weight=66.580810467654373 28.783724786364473 6.7736177890328682 13.591187875252215 123.51238046446815 22.445648789987899 19.763246585032903 7.9441054977942285 16.58509714298998 16.974423289299011 8.8998777195811289 13.123061256017538 13.648740654462015 3.370725263375788 4.2714304961264133
leaf_count=2899 1260 357 538 666 833 171 195 228 103 118 157 380 104 82
internal_value=-2.97661e-05 0.0205401 0.030244 0.036685 -0.0458322 0.00826705 -0.0236877 0.0463298 0.0210348 0.0022275 -0.0112959 -0.00182307 0.0179552 -0.00534323
internal_weight=366.268 252.755 223.972 210.381 113.513 53.3087 46.9318 157.072 33.5595 24.4861 33.5454 26.7718 16.542 7.64216
internal_count=8091 3860 2600 2062 4231 1065 1332 997 331 499 894 537 304 186
is_linear=0
shrinkage=0.05


Tree=10
num_leaves=15
num_cat=0
split_feature=6 1 2 3 10 3 0 10 10 0 0 1 1 10
split_gain=130.34 70.7077 52.2345 21.0119 12.9065 13.0051 9.65366 7.03322 6.03786 5.27809 3.28377 3.23569 2.8746 2.83265
threshold=1.0000000180025095e-35 1.0071428571428573 1.0000000180025095e-35 0.58333333333333337 1.5000000000000002 0.58333333333333337 19.050000000000004 1.5000000000000002 1.5000000000000002 1.7500000000000002 1.8500000000000003 3.3125000000000004 2.2291666666666674 1.5000000000000002
decision_type=10 8 2 2 10 2 8 10 10 10 10 8 8 10
left_child=4 13 -3 8 -1 -6 -5 -8 9 -4 -7 -12 -11 -2
right_child=1 2 3 6 5 10 7 -9 -10 12 11 -13 -14 -15
leaf_value=-0.059038950078675601 -0.05931390300721559 -0.067668824243975786 -0.037387738272094177 0.052990111880024705 -0.051105368963141398 -0.024334839605070366 -0.0025181504987028241 0.04492057699027821 0.02411443349979138 0.039775419665696393 0.036978664669178568 -0.0099840681031671905 -0.0093655199963217084 -0.0069877079767563305
leaf_weight=63.983348469657358 24.886554191471081 12.661115143913774 9.8320197610300983 119.4426561051514 22.114122451806907 7.3452068581245866 15.251578688155861 16.020063237519935 30.957875259045977 5.2489263415336582 8.4138536802493 6.5021697131451228 6.8724865581607455 2.8863695225445545
leaf_count=2894 1177 534 349 646 855 191 227 122 460 58 105 175 184 92
internal_value=0.000966501 0.0212276 0.0308715 0.0369986 -0.0446682 -0.0239475 0.0465152 0.0217841 0.00989105 -0.0101662 0.00303085 0.0165067 0.0119139 -0.0538758
internal_weight=352.418 244.06 216.287 203.626 108.359 44.3754 150.714 31.2716 52.9113 21.9534 22.2612 14.916 12.1214 27.7729
internal_count=8069 3849 2580 2046 4220 1326 995 349 1051 591 471 280 242 1269
is_linear=0
shrinkage=0.05


Tree=11
num_leaves=15
num_cat=0
split_feature=6 1 5 4 3 7 7 0 6 1 5 10 10 7
split_gain=121.399 61.9711 46.1237 18.5196 12.9936 9.67155 8.07333 8.03287 6.22001 6.04251 4.04061 3.73731 3.57968 3.39932
threshold=1.0000000180025095e-35 1.0071428571428573 1.0000000180025095e-35 1.5000000000000002 0.87500000000000011 1.0000000180025095e-35 1.0000000180025095e-35 1.0000000180025095e-35 1.0000000180025095e-35 0.95357142857142863 1.0000000180025095e-35 1.5000000000000002 1.5000000000000002 1.0000000180025095e-35
decision_type=10 8 2 2 2 10 10 10 8 10 2 10 8 10
left_child=4 -2 3 5 8 -3 12 11 -1 -10 -11 -5 -6 -9
right_child=1 2 -4 7 6 -7 -8 13 9 10 -12 -13 -14 -15
leaf_value=-0.063794876357109898 -0.052127107509162253 -0.0097175465148349217 -0.066274771463299395 0.0016866889683448138 -0.056801082164975029 0.0368075147214229 0.04962817460814152 0.042718464943310268 -0.060734680918687139 -0.0027594483689348226 -0.06520122043523631 0.037705822807969899 -0.0083416388673611137 0.060537733054779552
leaf_weight=53.261801231652498 26.592188634211197 30.673804551421199 12.064504452981053 15.139120951585939 5.9556980802735842 17.567732550844084 4.5173683741595587 90.070218207780272 12.898541976464914 13.204951563151555 3.2232097890228024 13.735730226850135 10.58215226640459 38.079193022102118
leaf_count=2461 1269 859 537 238 301 164 83 584 558 390 138 112 283 124
internal_value=0.000658745 0.0199209 0.0287365 0.0343208 -0.0446741 0.00722511 -0.00961158 0.0426453 -0.053613 -0.035121 -0.0150105 0.0188209 -0.0257931 0.0480134
internal_weight=347.566 243.922 217.33 205.266 103.644 48.2415 21.0552 157.024 82.5885 29.3267 16.4282 28.8749 16.5379 128.149
internal_count=8101 3887 2618 2081 4214 1023 667 1058 3547 1086 528 350 584 708
is_linear=0
shrinkage=0.05


Tree=12
num_leaves=15
num_cat=0
split_feature=6 1 2 3 3 7 0 0 6 0 7 2 3 7
split_gain=101.978 55.4087 40.8587 17.2591 14.2208 10.0888 9.7208 7.40325 6.61273 6.91585 4.86645 4.17782 4.10239 3.965
threshold=1.0000000180025095e-35 1.0071428571428573 1.0000000180025095e-35 0.58333333333333337 0.87500000000000011 1.0000000180025095e-35 1.0000000180025095e-35 1.6000000000000001 1.0000000180025095e-35 0.45000000000000023 1.0000000180025095e-35 1.0000000180025095e-35 0.70833333333333337 1.0000000180025095e-35
decision_type=10 8 2 2 2 10 10 8 8 10 10 2 2 10
left_child=4 -2 -3 5 8 -4 12 -6 -1 -10 -9 -11 -5 -8
right_child=1 2 3 6 7 -7 13 10 9 11 -12 -13 -14 -15
leaf_value=-0.062237086040176949 -0.051605102459500611 -0.064575006744212307 -0.0093958472214587321 -0.006971839513895667 -0.052989306310284104 0.036802616510945983 0.042372670106726115 -0.0053533015354291771 -0.059314625975444291 -0.063952561076988185 0.056420101322978533 0.002240768065218216 0.032032602443059402 0.063107643983173908
leaf_weight=50.978606730466709 24.98785348108504 11.417677432298659 31.825121561239939 11.906990134855732 5.8209924971451983 18.797529761213809 80.918995013227686 10.505932934232989 12.960366751707626 2.9260863093659273 4.5772921333555123 12.861250019923316 15.53919352137018 32.242086365818977
leaf_count=2479 1252 544 891 177 281 176 530 304 601 133 66 342 151 112
internal_value=0.000115604 0.0186447 0.027307 0.032793 -0.041799 0.00775886 0.041806 -0.00509182 -0.0514236 -0.0322478 0.013393 -0.0100278 0.0151113 0.0482805
internal_weight=328.266 227.635 202.648 191.23 100.631 50.6227 140.607 20.9042 79.7263 28.7477 15.0832 15.7873 27.4462 113.161
internal_count=8039 3833 2581 2037 4206 1067 970 651 3555 1076 370 475 328 642
is_linear=0
shrinkage=0.05


Tree=13
num_leaves=15
num_cat=0
split_feature=6 1 4 1 10 4 2 2 7 10 7 4 0 9
split_gain=90.7997 49.6049 25.9281 14.3068 11.7616 11.3466 10.4772 7.22164 5.5184 5.05692 3.42366 2.60762 2.33817 2.21699
threshold=1.0000000180025095e-35 1.0071428571428573 1.5000000000000002 0.95357142857142863 1.5000000000000002 1.5000000000000002 1.0000000180025095e-35 1.0000000180025095e-35 1.0000000180025095e-35 1.5000000000000002 1.0000000180025095e-35 2.5000000000000004 1.8500000000000003 2.5000000000000004
decision_type=10 10 2 8 10 2 2 2 10 10 10 2 10 2
left_child=4 3 6 -2 -1 -6 -3 -5 -8 -9 11 13 -7 -4
right_child=1 2 10 7 5 12 8 9 -10 -11 -12 -13 -14 -15
leaf_value=-0.055836811322000128 -0.053732334365519253 -0.06359780602245052 0.03817323425054097 -0.062640896453835138 -0.049631638391485655 -0.019987367132275474 -0.006400443878208934 -0.011917714564765595 0.033233878570946958 0.02617058971458593 0.057484089814709885 0.052577855914393672 0.014818127972984419 0.015934212230386716
leaf_weight=56.666444200585829 21.891034139320254 5.8898554462939492 48.398584234062582 4.5822005793452254 18.310472219076473 7.120794604066762 24.025051909033209 20.820597269455902 13.84243947220966 14.987577368796336 31.906354354694486 23.378166291862726 14.96809900869266 14.583258066326378
leaf_count=2917 1150 305 386 231 812 212 594 521 125 216 122 110 308 103
internal_value=-0.00073964 0.0167436 0.0313218 -0.0211811 -0.0411409 -0.0205277 -0.00156122 -0.0035388 0.00808786 0.00402422 0.0434881 0.0383172 0.00359788 0.0330239
internal_weight=321.371 224.305 162.024 62.2814 97.0658 40.3994 43.7573 40.3904 37.8675 35.8082 118.266 86.36 22.0889 62.9818
internal_count=8112 3863 1745 2118 4249 1332 1024 968 719 737 721 599 520 489
is_linear=0
shrinkage=0.05


Tree=14
num_leaves=15
num_cat=0
split_feature=6 1 4 1 3 2 7 6 2 7 0 2 10 10
split_gain=84.1195 50.6915 25.277 12.1424 11.974 9.94583 7.56704 6.86841 6.11341 6.10764 5.65695 3.59871 3.54101 3.46869
threshold=1.0000000180025095e-35 1.0071428571428573 1.5000000000000002 0.97083333333333344 0.87500000000000011 1.0000000180025095e-35 1.0000000180025095e-35 1.0000000180025095e-35 1.0000000180025095e-35 1.0000000180025095e-35 0.45000000000000023 1.0000000180025095e-35 1.5000000000000002 1.5000000000000002
decision_type=10 10 2 8 2 2 10 8 2 10 10 2 10 8
left_child=4 3 5 -2 7 -3 13 -1 -5 -7 -9 -12 -10 -6
right_child=1 2 -4 8 6 9 -8 10 12 -11 11 -13 -14 -15
leaf_value=-0.060469681697695982 -0.05266052196911384 -0.06273276402460698 0.044039958068026991 -0.061902513854091651 -0.055148788779257288 -0.0060933355161101131 0.050209872890332734 -0.054229555270047074 -0.011869721643766122 0.035790148241309876 -0.062166625595028259 0.0023262737091852325 0.021479039038623703 -0.0055619555011209238
leaf_weight=46.522809876012616 21.437502428656444 5.6100034713745108 115.08849377557635 4.2376747159287325 5.2922398201772021 24.888975956477225 4.6862378898076704 12.295195645187052 19.262889652280137 13.385280467104165 2.6078712902963153 12.6808502531494 13.565493094443807 10.571668228192721
leaf_count=2461 1161 306 734 222 303 620 73 619 497 130 131 356 210 288
internal_value=-4.0075e-05 0.0170844 0.0317285 -0.0227081 -0.039384 -0.000558896 -0.0056138 -0.0487487 -0.00538482 0.00855416 -0.0289802 -0.00867459 0.0019108 -0.0221042
internal_weight=312.133 217.476 158.973 58.5036 94.6569 43.8843 20.5501 74.1067 37.0661 38.2743 27.5839 15.2887 32.8284 15.8639
internal_count=8111 3880 1790 2090 4231 1056 664 3567 929 750 1106 487 707 591
is_linear=0
shrinkage=0.05


Tree=15
num_leaves=15
num_cat=0
split_feature=6 4 1 2 10 3 1 10 6 0 7 7 3 10
split_gain=86.3898 43.0926 19.8903 14.5336 11.6603 9.81127 6.75684 6.54642 5.44766 4.93022 4.76221 3.34673 3.39737 3.1989
threshold=1.0000000180025095e-35 1.5000000000000002 1.0071428571428573 1.0000000180025095e-35 1.5000000000000002 0.87500000000000011 0.72678571428571437 1.5000000000000002 1.0000000180025095e-35 0.90000000000000024 1.0000000180025095e-35 1.0000000180025095e-35 0.87500000000000011 1.5000000000000002
decision_type=10 2 10 2 8 2 8 10 8 10 10 10 2 8
left_child=5 3 6 -2 -5 8 -3 -7 -1 -10 -6 12 13 -4
right_child=1 2 11 4 10 7 -8 -9 9 -11 -12 -13 -14 -15
leaf_value=-0.06002172287595782 -0.061410409878857646 -0.048546018271705134 0.0022170234275085536 -0.037582689462689826 -0.0029824545283300696 -0.044330030437014112 0.010137884004593176 0.01471951849250896 -0.054328963074148112 -0.010212241557061952 0.032583517549672626 0.057424210330725027 0.047149004563072916 0.036003558149648278
leaf_weight=44.294451150344685 13.341253525111822 5.9703915754798791 9.8426132146269065 17.195170902414247 22.484423798625357 7.9069510928238769 27.489621796703432 11.549637010117292 11.966931850707626 13.451180795032995 16.188373284821864 31.543653482571244 45.320656548254192 24.306456042453647
leaf_count=2498 753 380 112 719 642 444 513 204 644 433 157 131 278 194
internal_value=0.000667676 0.0179185 0.0334593 -0.0145229 -0.00332615 -0.0406717 -0.000333298 -0.00927759 -0.0494337 -0.0309825 0.0119054 0.0436446 0.0381751 0.0262654
internal_weight=302.852 213.683 144.473 69.2092 55.868 89.1692 33.46 19.4566 69.7126 25.4181 38.6728 111.013 79.4697 34.1491
internal_count=8102 3879 1608 2271 1518 4223 893 648 3575 1077 799 715 584 306
is_linear=0
shrinkage=0.05


Tree=16
num_leaves=15
num_cat=0
split_feature=6 1 3 1 3 2 2 6 10 10 1 10 2 4
split_gain=78.5041 41.4986 22.6578 11.7205 10.3646 9.06814 5.94721 5.15428 4.89471 4.51839 3.72478 2.92627 2.57195 2.23576
threshold=1.0000000180025095e-35 1.0071428571428573 0.58333333333333337 0.95357142857142863 0.87500000000000011 1.0000000180025095e-35 1.0000000180025095e-35 1.0000000180025095e-35 1.5000000000000002 1.5000000000000002 0.95357142857142863 1.5000000000000002 1.0000000180025095e-35 1.5000000000000002
decision_type=10 10 2 8 2 2 2 8 10 8 10 8 2 2
left_child=4 3 5 -2 7 -3 -5 -1 -6 13 -9 -7 -12 -8
right_child=1 2 -4 6 8 11 9 10 -10 -11 12 -13 -14 -15
leaf_value=-0.059581061918606008 -0.049827082907559411 -0.061087194591807982 0.04476322218841803 -0.060216114100754142 -0.037846284954397881 -0.016621511830668182 -0.052059922088566538 -0.054430990183155184 0.012821938458495247 0.020698933265761287 -0.060793654710053352 0.01706410538452036 -0.0051971055432782041 -0.005686555012765499
leaf_weight=42.387564837466925 19.711897060507908 5.1040726713836184 100.09671516809613 3.9679926913231602 8.038149486761542 8.2020615565124881 3.3457493074820368 9.9255830750335026 11.710581442210239 18.954189900599886 2.511550983414053 30.131507567013614 12.112305489543358 11.647220285958609
leaf_count=2494 1159 313 686 232 454 235 169 550 201 360 139 522 390 214
internal_value=0.000146043 0.0172871 0.0316767 -0.0185539 -0.0396311 0.00152041 -0.00229506 -0.0490221 -0.0078011 0.00447518 -0.0307907 0.00985655 -0.0147454 -0.016035
internal_weight=287.847 201.161 143.534 57.627 86.6857 43.4376 37.9152 66.937 19.7487 33.9472 24.5494 38.3336 14.6239 14.993
internal_count=8118 3890 1756 2134 4228 1070 975 3573 655 743 1079 757 529 383
is_linear=0
shrinkage=0.05


Tree=17
num_leaves=15
num_cat=0
split_feature=6 4 1 2 10 3 0 10 7 7 7 1 3 8
split_gain=66.7699 35.025 17.7531 12.4773 10.2262 9.17294 8.64035 5.30862 4.17803 3.04288 2.62872 2.55766 2.39873 2.88367
threshold=1.0000000180025095e-35 1.5000000000000002 1.0071428571428573 1.0000000180025095e-35 1.5000000000000002 0.58333333333333337 1.8500000000000003 1.5000000000000002 1.0000000180025095e-35 1.0000000180025095e-35 1.0000000180025095e-35 0.89285714285714302 0.70833333333333337 1.0000000180025095e-35
decision_type=10 2 10 2 8 2 10 10 10 10 10 8 2 10
left_child=5 3 7 -2 -5 -1 -7 11 -6 12 -8 -3 13 -4
right_child=1 2 9 4 8 6 10 -9 -10 -11 -12 -13 -14 -15
leaf_value=-0.053200209972781853 -0.060293682355385007 -0.04441322747722927 -0.0095165537048270063 -0.038663530206632976 -0.0040341442765339016 -0.042061021191781282 -0.006987562792292225 0.027624897367995574 0.029801566490720268 0.054478032877890617 0.034957442617599976 -0.0059875752425411289 0.042400791164740985 0.031342961558455833
leaf_weight=44.91905491653597 12.115707893390207 6.1506370898569065 5.2836934830993441 15.188140679412752 22.085563595814165 20.724597899708897 12.834242148150226 9.5824429955100623 15.545125298202036 27.916972406208515 5.2686822073446811 14.633964457520049 44.174656696617603 23.630397867411375
leaf_count=2614 762 429 39 713 624 1107 411 144 158 128 101 316 296 245
internal_value=-0.000436586 0.0155095 0.0303578 -0.0145309 -0.00403368 -0.0378153 -0.0200167 -0.00316388 0.00994329 0.040436 0.00522013 -0.0173586 0.0350725 0.0238764
internal_weight=280.054 196.307 131.373 64.9345 52.8188 83.7466 38.8275 30.367 37.6307 101.006 18.1029 20.7846 73.0887 28.9141
internal_count=8087 3854 1597 2257 1495 4233 1619 889 782 708 512 745 580 284
is_linear=0
shrinkage=0.05


Tree=18
num_leaves=15
num_cat=0
split_feature=3 6 1 7 10 5 6 1 2 6 1 3 10 1
split_gain=65.338 29.9602 14.8071 13.8503 8.07653 6.61382 5.54833 4.5819 4.48337 3.99093 3.88517 3.83309 2.59253 2.47836
threshold=0.58333333333333337 1.0000000180025095e-35 1.0071428571428573 1.0000000180025095e-35 1.5000000000000002 1.0000000180025095e-35 1.0000000180025095e-35 0.72678571428571437 1.0000000180025095e-35 1.0000000180025095e-35 1.2928571428571431 0.70833333333333337 2.5000000000000004 2.058333333333334
decision_type=2 10 10 10 10 2 10 8 2 10 8 2 10 8
left_child=3 4 7 6 -2 9 -1 -3 -8 -5 -10 -9 -11 -12
right_child=1 2 -4 5 -6 -7 8 11 10 12 13 -13 -14 -15
leaf_value=-0.055039145618669606 -0.044261766532530222 -0.042584380143670247 0.040996928452664005 -0.028081961091921816 0.0021276895495642742 -0.061310952672057967 -0.059125205653919967 -0.010168453009877768 -0.04877562160288787 0.0026765131508558106 0.010677126034636155 0.028636129612258879 0.041618695543251448 -0.021705012778620029
leaf_weight=36.050565586425364 17.43435183094698 5.0264921805355725 96.783337232656777 4.8359999430831584 20.31631160377583 3.5725310784764579 9.6052151131443662 12.459173735522199 9.1594536442426016 8.0532294469885546 8.8071853214059974 13.00823197880527 9.1070210727630165 17.954112980398349
leaf_count=2250 1121 359 698 242 486 211 663 278 506 121 183 222 88 636
internal_value=8.21305e-05 0.0198217 0.0314242 -0.0303213 -0.0192963 0.00178879 -0.0403856 0.00104168 -0.028782 0.0120372 -0.0206682 0.00965214 0.0233433 -0.011048
internal_weight=272.173 165.028 127.277 107.145 37.7507 25.5688 81.5765 30.4939 45.526 21.9963 35.9208 25.4674 17.1603 26.7613
internal_count=8064 3164 1557 4900 1607 662 4238 859 1988 451 1325 500 209 819
is_linear=0
shrinkage=0.05


Tree=19
num_leaves=15
num_cat=0
split_feature=6 4 0 2 3 0 10 10 7 0 10 0 3 7
split_gain=60.586 31.5793 16.2946 11.0271 9.58907 7.85508 6.905 5.91054 5.16661 3.94036 2.22271 1.894 1.72801 3.70984
threshold=1.0000000180025095e-35 1.5000000000000002 1.0000000180025095e-35 1.0000000180025095e-35 0.58333333333333337 0.40000000000000002 1.5000000000000002 1.5000000000000002 1.0000000180025095e-35 5.7500000000000009 3.5000000000000004 -0.40000000000000013 0.70833333333333337 1.0000000180025095e-35
decision_type=10 2 10 2 2 8 10 10 10 10 8 8 2 8
left_child=4 3 7 -2 -1 -5 -6 11 10 12 -7 -3 13 -4
right_child=1 2 9 5 6 8 -8 -9 -10 -11 -12 -13 -14 -15
leaf_value=-0.052453452199045618 -0.058886073889500082 -0.040559343004214626 0.006319253145409977 -0.046691464575181689 -0.040778315416531513 -0.019277594302258262 0.0024874102526971607 0.032413494992084534 0.030418051420445187 0.056228772882848603 0.0093190012309737596 -0.0064448442749972627 0.041454158827090137 0.043908053175094719
leaf_weight=40.63662193052005 10.59977500955574 5.5846610822482035 13.449173266999425 8.4700021664612013 17.000375867733965 15.302890455292074 20.154604531271616 9.2513889174442721 14.358674218528902 31.00883031077683 12.222204877733018 14.986957671528222 36.787642147857696 12.822346223518251
leaf_count=2583 759 411 166 512 1140 516 485 146 164 202 314 336 264 91
internal_value=0.00135058 0.0169297 0.0314256 -0.0125341 -0.0356677 -0.00277672 -0.017309 -0.000778893 0.006104 0.0416357 -0.0065796 -0.015706 0.0344596 0.0246652
internal_weight=262.636 184.845 123.891 60.9535 77.7916 50.3538 37.155 29.823 41.8838 94.068 27.5251 20.5716 63.0592 26.2715
internal_count=8089 3881 1616 2265 4208 1506 1625 893 994 723 830 747 521 257
is_linear=0
shrinkage=0.05


Tree=20
num_leaves=15
num_cat=0
split_feature=6 3 0 2 3 0 0 7 10 0 7 3 0 6
split_gain=53.6477 28.408 12.4222 10.2024 8.70097 8.07293 6.54167 5.75087 3.15629 2.39149 1.70321 2.91495 1.75333 1.67825
threshold=1.0000000180025095e-35 0.58333333333333337 1.0000000180025095e-35 1.0000000180025095e-35 0.58333333333333337 0.40000000000000002 1.6499999999999999 1.0000000180025095e-35 1.5000000000000002 -0.14999999999999999 1.0000000180025095e-35 0.87500000000000011 5.2500000000000009 1.0000000180025095e-35
decision_type=10 2 10 2 2 8 10 10 10 8 8 2 10 8
left_child=4 3 8 -2 -1 -5 -6 -7 9 -3 11 -4 -12 -8
right_child=1 2 10 5 6 7 13 -9 -10 -11 12 -13 -14 -15
leaf_value=-0.051632320637125098 -0.058461601808074665 -0.037159236380056658 0.017275521943148974 -0.048606417585693666 -0.038205653398893959 -0.0078956161629648424 -0.0088760049661357129 0.030659166002868811 0.026341073158207835 0.0011028263584338227 0.037488583825540364 0.042556038430749399 0.058801069862942229 0.022344494387871852
leaf_weight=39.140165349293966 10.091387478169052 5.6359257311560214 18.757836848963052 8.3054230805719289 18.871545157016953 28.405499931133818 10.361136334700861 14.665634208533445 8.8233800654998031 14.829564813582698 22.356949132401496 29.079021660378203 16.978973109275103 7.3635476269409983
leaf_count=2610 759 426 217 532 1091 862 371 168 142 293 160 221 96 159
internal_value=-9.05954e-07 0.0150009 0.0295153 -0.0124992 -0.035245 -0.00347123 -0.0177185 0.00523221 0.00134334 -0.00943404 0.0389806 0.032643 0.0466879 0.00409425
internal_weight=253.666 177.93 116.462 61.4679 75.7364 51.3766 36.5962 43.0711 29.2889 20.4655 87.1728 47.8369 39.3359 17.7247
internal_count=8107 3876 1555 2321 4231 1562 1621 1030 861 719 694 438 256 530
is_linear=0
shrinkage=0.05


Tree=21
num_leaves=15
num_cat=0
split_feature=3 1 6 6 2 1 1 7 7 1 3 6 7 10
split_gain=51.6169 25.052 14.1767 13.1529 9.72418 6.98755 6.13894 3.20451 2.97106 2.58741 2.55992 2.23526 2.01319 1.74018
threshold=0.58333333333333337 1.0071428571428573 1.0000000180025095e-35 1.0000000180025095e-35 1.0000000180025095e-35 0.90714285714285736 0.95357142857142863 1.0000000180025095e-35 1.0000000180025095e-35 2.058333333333334 0.70833333333333337 1.0000000180025095e-35 1.0000000180025095e-35 1.5000000000000002
decision_type=2 10 10 10 2 8 8 8 10 8 2 8 10 8
left_child=2 6 -1 8 -4 -6 12 9 11 -7 -8 -3 -2 -12
right_child=1 3 4 -5 5 7 10 -9 -10 -11 13 -13 -14 -15
leaf_value=-0.051857710202667766 -0.04806247310643777 -0.029993313676653074 -0.058252674825333278 0.04144389534240845 -0.052989678153782173 0.0085659174837878389 -0.015380028925174847 0.016235307293603739 0.030061365876070424 -0.026390635332031301 -0.0050854163989080374 0.0079838901157644974 0.012836107099026063 0.028267774551817046
leaf_weight=37.575376254506409 11.736981215886768 9.0038850653218105 9.8209977927617711 82.702009060420096 6.3333542598411432 9.5959243820980209 14.617338961747009 22.749272949236911 5.1551651106128693 11.806704389629884 6.9738492075121021 6.801300705235918 1.53452343819663 8.9037104858434759
leaf_count=2629 849 437 780 687 437 235 470 421 121 484 192 194 58 167
internal_value=0.000396984 0.0190852 -0.0277511 0.0324776 -0.0127308 -0.00387538 -0.0126353 0.0031698 -0.00289996 -0.0107178 -0.00028175 -0.0136509 -0.041021 0.0136182
internal_weight=245.31 147.429 97.8816 103.662 60.3063 50.4853 43.7664 44.1519 20.9604 21.4026 30.4949 15.8052 13.2715 15.8776
internal_count=8161 3175 4986 1439 2357 1577 1736 1140 752 719 829 631 907 359
is_linear=0
shrinkage=0.05


Tree=22
num_leaves=15
num_cat=0
split_feature=6 2 1 3 3 0 6 10 10 1 2 4 0 9
split_gain=46.1482 23.6909 16.9694 9.67527 9.28689 6.31538 4.93974 3.70248 2.98841 2.90862 2.12837 1.99556 3.04996 2.27056
threshold=1.0000000180025095e-35 1.0000000180025095e-35 0.95357142857142863 0.58333333333333337 0.87500000000000011 23.050000000000004 1.0000000180025095e-35 2.5000000000000004 1.5000000000000002 0.9816666666666668 1.0000000180025095e-35 2.5000000000000004 3.9500000000000006 2.5000000000000004
decision_type=10 2 8 2 2 8 8 10 8 10 2 2 10 2
left_child=4 -2 -3 8 6 11 -1 -6 -4 -8 -11 12 13 -5
right_child=1 2 3 5 7 -7 9 -9 -10 10 -12 -13 -14 -15
leaf_value=-0.056542416186691716 -0.059388375472137336 -0.037627687016810941 -0.019555817885252919 0.030856219557070842 -0.021377582492460055 0.0082053650800133059 -0.049045815271215355 0.024847259805766859 0.011610562128751733 -0.057702196094369974 -0.0011692135134106843 0.052478946094455914 0.044925532765412605 -0.002075326784823606
leaf_weight=32.359321494703181 10.185311512788756 12.056206758075858 10.007776771148199 19.240768768999263 10.803362010919956 20.781047648692038 7.7919069175550275 7.2316914697003076 33.231094054994173 1.9780611717142154 10.515621304686645 20.798507352359593 31.533931875601411 7.1901678009890011
leaf_count=2482 803 889 406 244 538 342 570 110 702 149 389 134 247 75
internal_value=-2.08344e-06 0.0144768 0.0193357 0.0241455 -0.0338077 0.0327236 -0.0444158 -0.00284236 0.004397 -0.0250717 -0.0101198 0.0391926 0.0344252 0.0218977
internal_weight=235.705 165.025 154.84 142.783 70.68 99.5444 52.6449 18.0351 43.2389 20.2856 12.4937 78.7634 57.9649 26.4309
internal_count=8080 3842 3039 2150 4238 1042 3590 648 1108 1108 538 700 566 319
is_linear=0
shrinkage=0.05


Tree=23
num_leaves=15
num_cat=0
split_feature=6 1 4 4 1 0 2 5 7 10 7 8 1 0
split_gain=43.348 22.6017 12.8916 7.06705 6.32258 5.22407 4.86748 3.52611 3.26554 2.86645 2.32142 1.98407 1.95421 2.35096
threshold=1.0000000180025095e-35 1.0071428571428573 1.5000000000000002 1.5000000000000002 0.95357142857142863 1.6499999999999999 1.0000000180025095e-35 1.0000000180025095e-35 1.0000000180025095e-35 1.5000000000000002 1.0000000180025095e-35 1.0000000180025095e-35 2.2416666666666671 1.1000000000000001
decision_type=10 10 2 2 8 10 2 2 10 8 10 10 10 8
left_child=3 4 6 -1 -2 -5 -3 9 12 -6 11 -4 13 -8
right_child=1 2 10 5 7 -7 8 -9 -10 -11 -12 -13 -14 -15
leaf_value=-0.049877083024800206 -0.042181511887857293 -0.057306358808771399 0.011644102945409469 -0.037252740775294557 -0.014922041320434924 0.0012376389781019834 -0.027863966865253116 -0.057296578780410536 0.029756486896610035 0.016860989091907527 0.051955348549907833 0.036598839201902746 -0.020218306014317067 0.024315331782577762
leaf_weight=32.722421703394502 14.639283455908297 3.2318650058004996 9.5250341128557903 17.279615957086207 12.7801022718777 17.996784726332407 2.9520790725946444 2.6752398242242625 10.591172243468465 15.944702396140199 20.856621470302343 48.635517675429583 10.050853341293985 8.0320397354662401
leaf_count=2537 1145 309 74 1133 368 575 124 230 123 340 127 516 347 119
internal_value=0.00029889 0.0145181 0.0264703 -0.0331408 -0.0150448 -0.0176163 0.0011413 -0.00239311 0.00711405 0.00272024 0.0376441 0.032512 -0.00428649 0.0102917
internal_weight=227.913 159.915 113.875 67.9988 46.0393 35.2764 34.858 31.4 31.6261 28.7248 79.0172 58.1606 21.035 10.9841
internal_count=8067 3822 1739 4245 2083 1708 1022 938 713 708 717 590 590 243
is_linear=0
shrinkage=0.05


Tree=24
num_leaves=15
num_cat=0
split_feature=6 2 1 3 3 10 0 3 7 7 1 0 1 0
split_gain=37.3744 21.291 14.7264 9.62722 8.3143 5.63072 5.58374 3.55994 2.30944 2.16343 2.00939 1.98385 1.80974 1.92096
threshold=1.0000000180025095e-35 1.0000000180025095e-35 1.1083333333333336 0.58333333333333337 0.58333333333333337 1.5000000000000002 1.8500000000000003 0.87500000000000011 1.0000000180025095e-35 1.0000000180025095e-35 1.6708333333333336 -5.6499999999999995 2.1125000000000003 1.1000000000000001
decision_type=10 2 10 2 2 10 10 2 10 10 10 10 10 8
left_child=4 -2 5 9 -1 7 -6 11 -5 12 -8 -3 13 -4
right_child=1 2 3 8 6 -7 10 -9 -10 -11 -12 -13 -14 -15
leaf_value=-0.048672728264564556 -0.05851430427194592 -0.01649127444714539 -0.026105305633015004 0.034173577329858061 -0.033526771950869644 0.021354831240660538 0.054047820910133375 0.0083467333773430425 0.054310257230521942 0.025965225734594588 0.0005854385307321263 -0.048381135681318452 -0.015852144478741195 0.023720873143642213
leaf_weight=31.818429072736762 9.3645114852115494 12.029294009815201 2.4924393194960448 51.289383442141116 17.130893433612073 13.409966551582327 1.9830870419973532 9.0223345455597173 19.71075888350606 10.280222171451895 15.453458229501846 8.2022140624467301 11.279977650556246 8.6395180498948303
leaf_count=2588 826 364 107 537 1131 294 26 313 122 124 490 675 385 120
internal_value=0.00118379 0.0145757 0.0192523 0.0294258 -0.0302294 -0.00547387 -0.0132528 -0.0177722 0.0397638 0.00697377 0.0066658 -0.02942 -0.0017375 0.0125648
internal_weight=222.106 155.721 146.356 103.692 66.3859 42.6638 34.5674 29.2538 71.0001 32.6922 17.4365 20.2315 22.4119 11.132
internal_count=8102 3867 3041 1395 4235 1646 1647 1352 659 736 516 1039 612 227
is_linear=0
shrinkage=0.05


Tree=25
num_leaves=15
num_cat=0
split_feature=6 2 0 3 3 10 10 7 3 7 8 0 6 3
split_gain=36.2702 18.7999 12.249 8.58386 6.66864 5.57071 4.42841 2.84567 2.80971 2.45976 2.48921 1.98448 1.747 2.00791
threshold=1.0000000180025095e-35 1.0000000180025095e-35 1.0000000180025095e-35 0.58333333333333337 0.58333333333333337 1.5000000000000002 1.5000000000000002 1.0000000180025095e-35 0.87500000000000011 1.0000000180025095e-35 1.0000000180025095e-35 -5.6499999999999995 1.0000000180025095e-35 0.87500000000000011
decision_type=10 2 10 2 2 10 10 10 2 10 10 10 8 2
left_child=4 -2 5 7 -1 8 -6 -4 11 10 -5 -3 13 -8
right_child=1 2 3 9 6 -7 12 -9 -10 -11 -12 -13 -14 -15
leaf_value=-0.048879366610090721 -0.05838776453680259 -0.017166749474746789 -0.0053071550070241816 0.0072025465204736232 -0.037386409874032266 0.021081386288052201 -0.047606089908924891 0.025819765635548077 0.0049522290483333294 0.052033890397880471 0.035926519623384848 -0.05100680732094777 0.016326043964408538 -2.0280635164748683e-05
leaf_weight=30.319760864367709 8.6625460470095259 11.098131558945168 21.424890509049874 9.1833040919154865 14.443421797899644 12.493744406965559 3.1547865322791058 11.171158536337314 8.1460509155294876 18.551428565755486 42.21228006714955 7.1065190962399383 8.4265525508089905 7.4560415527666919
leaf_count=2618 812 368 624 70 1151 279 201 137 286 124 491 641 151 141
internal_value=-0.0003138 0.0131133 0.0174941 0.0265519 -0.0318926 -0.00641721 -0.0165096 0.00536051 -0.0194552 0.0364274 0.0307942 -0.0303768 -0.000670575 -0.0141684
internal_weight=213.851 150.05 141.388 102.543 63.8006 38.8444 33.4808 32.596 26.3507 69.947 51.3956 18.2047 19.0374 10.6108
internal_count=8094 3832 3020 1446 4262 1574 1644 761 1295 685 561 1009 493 342
is_linear=0
shrinkage=0.05


Tree=26
num_leaves=15
num_cat=0
split_feature=6 2 0 4 3 0 0 7 7 10 3 0 6 7
split_gain=31.7579 16.877 12.1438 7.09058 6.32037 4.41072 4.10712 2.6618 2.50586 2.34768 1.84135 2.76172 1.67873 2.00043
threshold=1.0000000180025095e-35 1.0000000180025095e-35 1.0000000180025095e-35 1.5000000000000002 0.58333333333333337 -0.14999999999999999 1.8500000000000003 1.0000000180025095e-35 1.0000000180025095e-35 2.5000000000000004 0.70833333333333337 1.8500000000000003 1.0000000180025095e-35 1.0000000180025095e-35
decision_type=10 2 10 2 2 8 10 10 10 10 2 10 8 10
left_child=4 -2 5 7 12 -3 -6 -4 10 -7 11 -5 -1 -14
right_child=1 2 3 8 6 9 -8 -9 -10 -11 -12 -13 13 -15
leaf_value=-0.056785595445862806 -0.05766907540096608 -0.036908666363534758 -0.0056704155502443586 -0.0092812776408546828 -0.03338191409797963 -0.0054511223594404185 0.0022083900002295661 0.025652098684784894 0.050960512007054565 0.029896238856908744 0.036856101928683029 0.029388349320861169 -0.043868554006724361 0.0077624077734488629
leaf_weight=18.101120377890769 8.061445201514287 9.6430665343650599 19.376147558621597 6.5342064942233291 15.965564629354047 20.901628182502467 16.46671025211981 10.435761772096159 17.213735863566399 6.0592567946296176 31.266902032773942 15.737999625504015 7.8308554899995197 2.4670813304837793
leaf_count=1779 817 841 618 99 1123 621 510 131 123 111 302 195 683 122
internal_value=-6.38679e-05 0.0126399 0.016772 0.0257475 -0.0303932 -0.00788716 -0.0153118 0.00529414 0.0343656 0.00249293 0.0290301 0.0180435 -0.0476164 -0.0314993
internal_weight=206.061 145.23 137.169 100.565 60.8313 36.604 32.4323 29.8119 70.7528 26.9609 53.5391 22.2722 28.3991 10.2979
internal_count=8075 3858 3041 1468 4217 1573 1633 749 719 732 596 294 2584 805
is_linear=0
shrinkage=0.05


Tree=27
num_leaves=15
num_cat=0
split_feature=6 3 1 2 3 10 7 7 7 3 0 0 1 0
split_gain=30.5635 21.3864 10.4185 8.01913 7.09402 6.05842 2.9326 2.77483 2.30362 3.28292 2.26788 2.2543 2.5162 2.05514
threshold=1.0000000180025095e-35 0.58333333333333337 0.95357142857142863 1.0000000180025095e-35 0.87500000000000011 1.5000000000000002 1.0000000180025095e-35 1.0000000180025095e-35 1.0000000180025095e-35 0.70833333333333337 -4.9499999999999993 1.9500000000000004 2.4125000000000001 1.4500000000000004
decision_type=8 2 10 2 2 8 8 10 10 2 10 10 10 10
left_child=4 3 10 -2 -1 11 -6 -7 9 13 -3 -5 -13 -4
right_child=1 2 8 5 6 7 -8 -9 -10 -11 -12 12 -14 -15
leaf_value=-0.055088742660484968 -0.056302763823745522 0.0054184512503228626 -0.010890416782610495 -0.043697236906438737 -0.027858719048806064 -0.0050713208083066489 0.025717920129705835 0.023583424248241634 0.049770119326921172 0.039427097930002361 -0.029569214432655845 0.033833219586580525 -0.045510645929352722 0.023253688812972507
leaf_weight=25.406058891443536 9.2077302420511824 21.921652847784575 5.7861073445528772 11.182695786119437 6.3991781494114521 23.024511810042895 4.2507259133708439 13.345549280464182 17.506662982690614 32.444185686545097 5.872289821272715 2.324969556182622 1.7523137652897274 18.490982518647797
leaf_count=2499 1019 536 126 833 295 873 135 212 165 407 549 47 102 279
internal_value=0.000924354 0.0101462 0.024138 -0.0133173 -0.0407295 -0.0056512 -0.00647453 0.00544319 0.0339153 0.0290217 -0.00197372 -0.0320931 -0.000266777 0.0151159
internal_weight=198.916 162.86 102.022 60.8378 36.056 51.63 10.6499 36.3701 74.2279 56.7213 27.7939 15.26 4.07728 24.2771
internal_count=8077 5148 2062 3086 2929 2067 430 1085 977 812 1085 982 149 405
is_linear=0
shrinkage=0.05


Tree=28
num_leaves=15
num_cat=0
split_feature=6 4 1 3 6 5 0 10 1 10 1 7 5 8
split_gain=27.6149 16.4088 6.61515 6.00733 5.40678 5.28834 4.12922 2.75811 2.67604 2.42326 2.10593 1.97465 1.73376 1.61527
threshold=1.0000000180025095e-35 1.5000000000000002 0.95357142857142863 0.87500000000000011 1.0000000180025095e-35 1.0000000180025095e-35 0.45000000000000023 2.5000000000000004 0.9816666666666668 2.5000000000000004 1.3309523809523813 1.0000000180025095e-35 1.0000000180025095e-35 1.0000000180025095e-35
decision_type=10 2 10 2 8 2 8 10 10 10 8 10 2 10
left_child=3 5 7 4 -1 6 -2 -3 -6 -5 -8 13 -10 -4
right_child=1 2 11 9 8 -7 10 -9 12 -11 -12 -13 -14 -15
leaf_value=-0.05513880191177048 -0.043736934063375067 -0.0061156479710266073 0.0086650392462059005 -0.020243403119866134 -0.044862222901526201 -0.055964510087664621 0.033411074003500484 0.037570140911485639 0.0048865642772193399 0.019002316962219781 -0.0035433300125568591 0.048428812075263034 -0.056205306162129459 0.032143872392870095
leaf_weight=23.705280551104806 6.0127273993566641 19.350509912270358 8.8922382458113116 9.351655587684947 5.8830416006094337 5.9343288498930624 4.4119164252188048 4.4425034811720243 9.2423650002747273 6.7885363565728758 30.554503383114934 15.463837224990128 1.3282510836143053 41.573909370112233
leaf_count=2473 520 775 83 550 548 739 57 67 383 110 934 131 141 561
internal_value=-3.05795e-05 0.0121118 0.0246409 -0.0294997 -0.0398541 -0.0118505 -0.00546219 0.00204113 -0.017833 -0.00373672 0.00111942 0.0327968 -0.00278994 0.0280069
internal_weight=192.936 136.636 89.723 56.2991 40.1589 46.9135 40.9791 23.793 16.4537 16.1402 34.9664 65.93 10.5706 50.4661
internal_count=8072 3867 1617 4205 3545 2250 1511 842 1072 660 991 775 524 644
is_linear=0
shrinkage=0.05


Tree=29
num_leaves=15
num_cat=0
split_feature=6 5 1 3 3 1 0 3 10 6 0 7 7 9
split_gain=26.7128 14.2565 9.92698 5.66548 4.97448 4.0105 3.57703 2.66873 1.8151 1.71909 1.72321 1.7115 1.60292 1.67568
threshold=1.0000000180025095e-35 1.0000000180025095e-35 1.1083333333333336 0.58333333333333337 0.58333333333333337 0.7071428571428573 1.6499999999999999 0.87500000000000011 1.5000000000000002 1.0000000180025095e-35 0.45000000000000023 1.0000000180025095e-35 1.0000000180025095e-35 1.0000000180025095e-35
decision_type=10 2 10 2 2 8 10 2 8 8 10 10 8 2
left_child=4 2 5 12 9 -2 -6 8 -7 -1 -11 -5 13 -4
right_child=1 -3 3 11 6 7 -8 -9 -10 10 -12 -13 -14 -15
leaf_value=-0.055879555393040514 -0.039311624565707033 -0.057614768443662256 0.038091956205744848 0.029675014207439388 -0.034208264123607827 -0.027280776627124026 0.00081493404984409393 0.021909268558274544 0.0036714367932357233 -0.052854970319301767 -0.0098809758515017374 0.050003333106830396 0.01880994035463196 -0.011834066564881304
leaf_weight=15.826054928940723 7.0436805450590319 6.9472766653634599 1.9536104649305368 43.705946277361363 13.668856262520423 7.8369038516539176 15.623074039103811 11.262073858699297 11.972386220673796 4.1902335018967261 5.2623075392621104 13.568652786314486 14.647572782530913 12.028458315879105
leaf_count=1831 707 820 32 531 1086 374 535 232 352 452 361 116 286 401
internal_value=-0.000161144 0.0120854 0.0159898 0.0254125 -0.0295522 -0.00524716 -0.0155284 0.00247504 -0.0085738 -0.0458026 -0.028931 0.0344909 0.00725092 -0.00485827
internal_weight=185.537 130.967 124.019 85.9042 54.5705 38.115 29.2919 31.0714 19.8093 25.2786 9.45254 57.2746 28.6296 13.9821
internal_count=8116 3851 3031 1366 4265 1665 1621 958 726 2644 813 647 719 433
is_linear=0
shrinkage=0.05


Tree=30
num_leaves=15
num_cat=0
split_feature=6 1 2 3 7 3 0 0 3 0 1 9 4 1
split_gain=24.8785 13.1959 9.7921 5.87182 6.12549 5.81554 3.37354 2.97433 2.18523 1.741 2.04875 1.67547 1.47737 1.87088
threshold=1.0000000180025095e-35 0.95357142857142863 1.0000000180025095e-35 0.70833333333333337 1.0000000180025095e-35 0.58333333333333337 1.6499999999999999 1.05 0.41666666666666669 1.2500000000000002 3.5071428571428576 1.5000000000000002 1.5000000000000002 2.1125000000000003
decision_type=10 8 2 2 10 2 10 10 2 8 10 2 2 10
left_child=5 -2 -3 4 7 -1 -7 -4 -6 -5 -11 -12 13 -9
right_child=1 2 3 9 8 6 -8 12 -10 10 11 -13 -14 -15
leaf_value=-0.045936304839862677 -0.039176712532459683 -0.056645019745760174 -0.014152360230019491 0.061783061819506047 0.0078370017584503075 -0.031238279903430206 0.0026933964716238656 0.02034984594212573 0.045956116454932444 0.022616617254689334 0.065646023364326303 0.03130731041478637 0.022126232297982731 -0.014496766055149627
leaf_weight=23.61251070574508 10.963056095235514 4.2124450760893515 17.345917482947698 5.4266553745837882 5.1269227184820929 13.377426967839712 16.190754521579947 6.8020404849667129 14.098295657895505 24.10468068375485 6.3536803927272549 8.0567808207124454 16.261151640675962 8.8807124015293066
leaf_count=2607 1152 554 629 86 79 1089 536 112 174 309 58 86 237 362
internal_value=0.00129849 0.0132704 0.0181987 0.0210022 0.0118525 -0.0274339 -0.0126582 0.00251555 0.0357906 0.0352687 0.031533 0.0464475 0.0115664 0.000617166
internal_weight=180.813 127.632 116.669 112.457 68.515 53.1807 29.5682 49.2898 19.2252 43.9418 38.5151 14.4105 31.9439 15.6828
internal_count=8070 3838 2686 2132 1593 4232 1625 1340 253 539 453 144 711 474
is_linear=0
shrinkage=0.05


Tree=31
num_leaves=15
num_cat=0
split_feature=6 3 0 0 3 2 7 3 10 7 0 0 9 10
split_gain=22.385 15.8136 7.29505 5.78388 5.20288 3.63863 2.11696 3.03931 1.97053 1.91539 1.81221 2.11282 1.83372 1.77527
threshold=1.0000000180025095e-35 0.58333333333333337 -1.0000000180025095e-35 0.45000000000000023 0.87500000000000011 1.0000000180025095e-35 1.0000000180025095e-35 0.70833333333333337 1.5000000000000002 1.0000000180025095e-35 3.2500000000000004 7.1500000000000012 1.5000000000000002 1.5000000000000002
decision_type=8 2 10 10 2 2 10 2 10 8 8 10 2 10
left_child=4 3 13 8 -1 -5 7 -4 -2 -7 -9 12 -12 -3
right_child=1 2 6 5 -6 9 -8 10 -10 -11 11 -13 -14 -15
leaf_value=-0.053531617625732358 -0.045888537263300638 -0.010336233887484067 0.010643624842816068 -0.055262091976416877 -0.010697324935652487 -0.0088947937918803493 0.046383461862536446 0.049683718872796649 -0.011777083403266331 0.015946539104147447 -0.020075541977058572 0.044623617954090013 0.029897529099592875 0.017767147909540978
leaf_weight=20.786832052574027 13.617546980676709 17.977986758793126 21.160059692861978 2.8555502855451769 10.758334984726391 15.283833895722639 14.854016547091303 12.699475934219661 6.1438717080745837 15.762526124453869 3.6286395605420712 6.3293045191094279 3.7151838479330763 8.1744673366192711
leaf_count=2505 1426 882 410 425 450 575 164 231 318 367 38 64 64 181
internal_value=-0.000818673 0.00763415 0.020615 -0.0137829 -0.0389232 -0.00125045 0.0299074 0.0247586 -0.0352832 0.00371738 0.0360837 0.0234522 0.00520545 -0.00155197
internal_weight=173.748 142.202 88.5391 53.6633 31.5452 33.9019 62.3867 47.5327 19.7614 31.0464 26.3726 13.6731 7.34382 26.1525
internal_count=8100 5145 2034 3111 2955 1367 971 807 1744 942 397 166 102 1063
is_linear=0
shrinkage=0.05


Tree=32
num_leaves=15
num_cat=0
split_feature=6 1 3 3 0 3 5 0 0 10 4 0 9 8
split_gain=21.852 12.6191 7.97701 5.68017 3.44414 3.08459 2.83969 2.72864 1.37649 1.31158 1.26513 1.07933 1.01184 1.61596
threshold=1.0000000180025095e-35 0.97083333333333344 0.58333333333333337 0.58333333333333337 1.6499999999999999 0.87500000000000011 1.0000000180025095e-35 -5.9499999999999993 6.7500000000000009 2.5000000000000004 2.5000000000000004 10.550000000000002 2.5000000000000004 1.0000000180025095e-35
decision_type=10 10 2 2 10 2 2 10 10 10 2 10 2 10
left_child=3 5 6 -1 -5 7 -3 9 10 -2 12 -10 13 -4
right_child=1 2 8 4 -6 -7 -8 -9 11 -11 -12 -13 -14 -15
leaf_value=-0.047995842617909235 -0.019195525228824551 0.0052478852484677176 -0.0031251655195337113 -0.032471134313972923 0.0034099604273562243 0.0092024201983705086 -0.055452779684437542 -0.04778875886517979 0.063111626109455851 0.0151682671292073 0.04266592879641605 0.035582289804376555 0.0051482691513754474 0.03350504640372861
leaf_weight=21.148747937899316 13.638364918704612 28.418586446205158 3.5833137198351386 12.553076548079845 14.313869840174446 10.231540667300576 2.0668738399399436 7.8564871798735139 5.6559025999158612 3.486588231753557 10.856019765138624 9.610093215480445 6.4252032339572898 18.847201782162301
leaf_count=2588 613 807 45 1097 529 347 338 933 63 115 114 101 102 321
internal_value=-8.35673e-05 0.0112678 0.0216463 -0.0286126 -0.0133548 -0.0139212 0.00113246 -0.0233918 0.0330214 -0.0121992 0.0281161 0.0457816 0.0226422 0.0276533
internal_weight=168.692 120.676 85.4632 48.0157 26.8669 35.213 30.4855 24.9814 54.9777 17.125 39.7117 15.266 28.8557 22.4305
internal_count=8113 3899 1891 4214 1626 2008 1145 1661 746 728 582 164 468 366
is_linear=0
shrinkage=0.05


Tree=33
num_leaves=15
num_cat=0
split_feature=6 2 1 3 3 3 1 7 0 1 0 10 9 7
split_gain=21.4297 13.7611 10.5741 6.38798 4.82018 3.1061 2.54554 2.06768 1.60415 1.36936 1.35988 1.34377 1.25812 1.56409
threshold=1.0000000180025095e-35 1.0000000180025095e-35 0.95357142857142863 0.58333333333333337 0.87500000000000011 0.87500000000000011 0.90714285714285736 1.0000000180025095e-35 1.6499999999999999 2.1125000000000003 0.90000000000000024 1.0000000180025095e-35 2.5000000000000004 1.0000000180025095e-35
decision_type=8 2 10 2 2 2 8 8 10 10 10 8 2 8
left_child=4 -2 5 7 -1 6 -3 9 -6 10 -4 -7 -5 -14
right_child=1 2 3 12 8 11 -8 -9 -10 -11 -12 -13 13 -15
leaf_value=-0.054039216512167844 -0.05626713105710468 -0.044175159797666376 -0.040043250131776002 0.03522242390203547 -0.036232396324040066 -0.015480852666869216 -0.0095171680436904899 0.01629963697449725 0.0050513234590159866 -0.025821490692325706 0.013264846880558401 0.022461611695475874 -0.0019226603115414091 0.035570428098048508
leaf_weight=18.784667095867917 7.7275865734554818 7.6070241755805936 1.4444669865770281 46.636236334365094 3.8416901758173498 3.2829286911000937 17.454310585875646 15.66204967262456 6.0722825560660567 7.0062192031473378 6.9643234155373648 8.0691004825057462 5.6571385977440487 5.4724556948058316
leaf_count=2498 1102 873 136 754 287 170 738 388 157 371 155 277 111 82
internal_value=3.19349e-05 0.00848819 0.0124832 0.0217838 -0.0391527 -0.0102087 -0.0200371 0.00350465 -0.0109462 -0.00949539 0.00410755 0.0114889 0.0316177 0.0165128
internal_weight=161.682 132.984 125.256 88.8429 28.6986 36.4134 25.0613 31.0771 9.91397 15.415 8.40879 11.352 57.7658 11.1296
internal_count=8099 5157 4055 1997 2942 2058 1611 1050 444 662 291 447 947 193
is_linear=0
shrinkage=0.05


Tree=34
num_leaves=15
num_cat=0
split_feature=6 4 1 2 10 0 3 1 10 6 7 3 7 0
split_gain=18.6868 10.3928 5.01398 3.8895 3.56097 2.968 2.4405 2.05965 1.89249 1.66828 1.61065 1.90324 1.66618 1.6101
threshold=1.0000000180025095e-35 1.5000000000000002 0.97083333333333344 1.0000000180025095e-35 1.5000000000000002 0.45000000000000023 0.58333333333333337 1.229166666666667 1.5000000000000002 1.0000000180025095e-35 1.0000000180025095e-35 0.87500000000000011 1.0000000180025095e-35 1.2500000000000002
decision_type=10 2 10 2 8 8 2 8 10 8 10 2 8 8
left_child=4 3 8 -2 -1 -5 9 -7 -3 -6 11 12 -4 -13
right_child=1 2 10 5 6 7 -8 -9 -10 -11 -12 13 -14 -15
leaf_value=-0.047296996775472208 -0.055145506246592119 -0.0087529044810606641 0.0035313793471732423 -0.042154269389428116 -0.054280039046427288 0.050871007290682092 -0.007218925572401183 -0.0026983349513028327 0.023566598101512747 -0.015336461797677548 0.045697838099850945 0.063941867021790388 0.035991029368976302 0.028511269558800859
leaf_weight=15.436797819900674 4.342283737147226 14.987271386664363 13.078953902237119 4.6676700856769466 6.0510651185177275 1.9134752284735466 19.549183328912477 28.815273446030915 6.4912107288837424 5.0410071104415701 12.13978685531765 3.9784863775130361 5.6661726539023212 16.526077906601135
leaf_count=2044 753 719 251 505 911 29 851 956 144 437 133 70 86 222
internal_value=-0.000891006 0.0100848 0.0213022 -0.0104843 -0.0277139 -0.00500545 -0.0178481 0.000637421 0.00101467 -0.0365814 0.0297814 0.0248585 0.0133431 0.0353858
internal_weight=158.685 112.607 72.868 39.7387 46.0781 35.3964 30.6413 30.7287 21.4785 11.0921 51.3895 39.2497 18.7451 20.5046
internal_count=8111 3868 1625 2243 4243 1490 2199 985 863 1348 762 629 337 292
is_linear=0
shrinkage=0.05


Tree=35
num_leaves=15
num_cat=0
split_feature=1 2 4 3 7 1 10 7 3 1 0 1 0 3
split_gain=17.4989 9.84453 5.17118 4.90683 3.59692 2.11916 1.83003 1.72843 1.7634 1.46485 1.41772 1.17422 1.1721 1.07987
threshold=1.0071428571428573 1.0000000180025095e-35 1.5000000000000002 0.58333333333333337 1.0000000180025095e-35 0.60714285714285721 1.5000000000000002 1.0000000180025095e-35 0.87500000000000011 2.058333333333334 1.3000000000000005 2.7166666666666672 1.1499999999999999 0.87500000000000011
decision_type=10 2 2 2 8 8 10 10 2 10 10 10 10 2
left_child=2 -2 6 4 9 -4 -1 8 10 12 -5 -9 -3 -7
right_child=1 3 5 7 -6 13 -8 11 -10 -11 -12 -13 -14 -15
leaf_value=-0.04981144576093962 -0.056867416284657239 -0.029279867766424661 -0.036654274628511778 -0.017530301297151621 0.017191973223144082 -0.013449423948166162 -0.018051219570195148 0.023565292842872277 0.029290440873595981 -0.030432658569931187 0.01584881945326333 0.051687225976070651 0.011920497677369312 0.0071248733329492102
leaf_weight=15.804943039358479 4.7721535458695135 2.4714223414484895 5.7099525154335451 3.8980551932472762 17.486958590161521 12.507145156429033 6.3609861981822169 6.4441701745963647 25.133859820649377 8.1551868490641919 17.296124088898068 8.7547464530216512 5.7252317633247003 13.013487060074112
leaf_count=2093 743 203 653 141 588 694 471 92 545 633 465 143 167 469
internal_value=0.000888497 0.0132147 -0.0222277 0.0167217 0.00142842 -0.0091189 -0.0406972 0.0251327 0.0203326 -0.0154294 0.0097097 0.0397638 -0.000502072 -0.00295817
internal_weight=153.534 100.138 53.3965 95.3658 33.8388 31.2306 22.1659 61.527 46.328 16.3518 21.1942 15.1989 8.19665 25.5206
internal_count=8100 3720 4380 2977 1591 1816 2564 1386 1151 1003 606 235 370 1163
is_linear=0
shrinkage=0.05


Tree=36
num_leaves=15
num_cat=0
split_feature=6 2 1 4 7 4 0 7 8 7 7 8 1 10
split_gain=17.3557 10.682 8.03174 5.44751 2.31642 2.01303 1.73445 1.60801 1.51801 1.50537 1.44992 1.28476 1.07111 1.54529
threshold=1.0000000180025095e-35 1.0000000180025095e-35 0.97083333333333344 1.5000000000000002 1.0000000180025095e-35 1.5000000000000002 -4.7499999999999991 1.0000000180025095e-35 1.0000000180025095e-35 1.0000000180025095e-35 1.0000000180025095e-35 1.0000000180025095e-35 1.3309523809523813 3.5000000000000004
decision_type=8 2 10 2 10 2 10 10 8 10 10 8 10 8
left_child=5 -2 4 9 6 -1 11 -7 -5 12 -10 -3 13 -4
right_child=1 2 3 8 -6 7 -8 -9 10 -11 -12 -13 -14 -15
leaf_value=-0.054552809413038805 -0.055759779272534761 -0.051553770523016053 -0.018580990196183755 1.5661342951282171e-05 0.01785699465853163 -0.034592073890422737 -0.036298049450106895 0.0047455440841498477 0.026487367699327247 0.018078657646140268 0.047382272439943508 -0.0047692508161154218 -0.012834781011660993 0.04866028089330094
leaf_weight=10.569665793911556 6.4013422487769267 1.5827231165021658 1.5674797002866427 4.3184076552279294 6.445947962027275 12.314252617332384 7.3342854913789806 3.2924098825751562 39.114404001928051 8.7753348874975945 10.539456883270757 20.14471968065482 15.03287682685186 1.8782892423623705
leaf_count=1736 1094 67 106 55 206 1067 971 139 779 173 149 818 709 31
internal_value=-0.000731458 0.00712827 0.0105769 0.0192483 -0.00925956 -0.0377042 -0.0152741 -0.0262933 0.0284496 0.00102647 0.0309225 -0.00817724 -0.00707146 0.0180722
internal_weight=149.312 123.135 116.734 81.2262 35.5077 26.1763 29.0617 15.6067 53.9723 27.254 49.6539 21.7274 18.4786 3.44577
internal_count=8100 5158 4064 2002 2062 2942 1856 1206 983 1019 928 885 846 137
is_linear=0
shrinkage=0.05


Tree=37
num_leaves=15
num_cat=0
split_feature=6 2 0 3 7 7 3 0 3 0 0 3 4 0
split_gain=17.216 8.18501 5.32322 3.49803 3.07062 2.56002 2.41895 1.91992 1.89449 2.0716 1.84643 1.82671 1.81987 1.30038
threshold=1.0000000180025095e-35 1.0000000180025095e-35 1.0000000180025095e-35 0.41666666666666669 1.0000000180025095e-35 1.0000000180025095e-35 0.87500000000000011 -5.6499999999999995 0.70833333333333337 1.05 1.2500000000000002 0.87500000000000011 1.5000000000000002 -1.0000000180025095e-35
decision_type=10 2 10 2 10 10 2 10 2 10 8 2 2 8
left_child=4 -2 6 -4 12 8 7 -3 9 -5 -10 -6 -1 -14
right_child=1 2 3 5 11 -7 -8 -9 10 -11 -12 -13 13 -15
leaf_value=-0.048303061509311608 -0.055958133475563332 -0.0041942485911352131 -0.0034454496603228096 -0.024326759717431094 -0.019699006697579003 0.045679884232075571 0.016712090915833106 -0.038878941418823532 0.064510266213613138 0.017429711167582664 0.024916678212047155 0.027888083948395665 -0.051196810942374174 -0.018144035694694052
leaf_weight=13.583526979491579 4.3891398911364368 14.849232473323356 11.572273140831383 3.4821262751356725 4.9568535591824894 13.545843889703972 9.8210261981585081 5.4556086794182184 3.6369386045262218 20.207050274941139 15.467579079791905 3.3998510118835839 3.673680525040254 15.662956791129547
leaf_count=2170 817 528 350 121 482 190 363 712 63 472 235 81 455 1066
internal_value=-0.000143892 0.0108424 0.013833 0.0215929 -0.0274058 0.0267359 -0.00365997 -0.0135135 0.0207394 0.0112918 0.0324541 -0.000338622 -0.0342767 -0.0244236
internal_weight=143.704 102.427 98.0377 67.9118 41.2769 56.3395 30.1259 20.3048 42.7937 23.6892 19.1045 8.3567 32.9202 19.3366
internal_count=8105 3851 3034 1431 4254 1081 1603 1240 891 593 298 563 3691 1521
is_linear=0
shrinkage=0.05


Tree=38
num_leaves=15
num_cat=0
split_feature=6 2 1 3 3 10 3 7 7 4 7 3 0 1
split_gain=15.521 9.52739 6.77669 4.70245 4.12485 2.10551 1.80169 1.74084 1.68745 1.59057 1.09261 1.38754 1.35319 1.13932
threshold=1.0000000180025095e-35 1.0000000180025095e-35 0.97083333333333344 0.58333333333333337 0.87500000000000011 1.5000000000000002 0.58333333333333337 1.0000000180025095e-35 1.0000000180025095e-35 2.5000000000000004 1.0000000180025095e-35 0.87500000000000011 1.4000000000000004 2.7166666666666672
decision_type=8 2 10 2 2 8 2 10 8 2 10 2 8 10
left_child=4 -2 5 7 -1 6 -3 -4 -6 -7 11 -5 -13 -12
right_child=1 2 3 10 8 9 -8 -9 -10 -11 13 12 -14 -15
leaf_value=-0.052808629020184343 -0.05541862628445568 -0.046741719416783782 -0.0059793260731642152 0.014181204945712173 -0.028757580201897393 -0.0017599977553750237 -0.010351174637424992 0.020159325469521164 0.015195922184227911 0.046218262462581823 0.024264101144559704 0.054923268266225192 0.025402000975958502 0.057394106041237514
leaf_weight=15.133057251630817 5.7876512132352209 4.9112951806746414 19.728829403640702 18.880669699661667 5.1008095165452678 15.939012677699793 11.062553444018702 9.4072564011439699 3.8182279090397069 1.9374117173720158 4.8105059132794832 5.2310069919913076 15.049522884248292 5.6346309910295531
leaf_count=2504 1101 657 877 404 294 737 618 182 142 59 70 107 270 87
internal_value=-0.000294933 0.00714488 0.0103609 0.0184035 -0.0369124 -0.00834799 -0.0215398 0.00246014 -0.00994115 0.00343979 0.0277678 0.0239355 0.0330165 0.0421361
internal_weight=142.432 118.38 112.593 78.7424 24.0521 33.8503 15.9738 29.1361 8.91904 17.8764 49.6063 39.1612 20.2805 10.4451
internal_count=8109 5169 4068 1997 2940 2071 1275 1059 436 796 938 781 377 157
is_linear=0
shrinkage=0.05


Tree=39
num_leaves=15
num_cat=0
split_feature=6 3 1 3 2 1 0 1 10 8 7 7 0 1
split_gain=13.8022 7.17831 4.49789 3.62599 3.09872 2.45677 2.24843 1.84463 1.52922 1.342 1.59737 1.14797 1.90446 0.952346
threshold=1.0000000180025095e-35 0.58333333333333337 0.97083333333333344 0.58333333333333337 1.0000000180025095e-35 1.4267857142857145 0.45000000000000023 1.3309523809523813 1.5000000000000002 1.0000000180025095e-35 1.0000000180025095e-35 1.0000000180025095e-35 4.9500000000000011 2.1125000000000003
decision_type=10 2 10 2 2 8 8 8 10 10 10 8 10 8
left_child=3 4 8 -1 -2 -5 -6 -8 -3 -7 -11 13 -13 -9
right_child=1 2 -4 5 6 9 7 11 -10 10 -12 12 -14 -15
leaf_value=-0.043937261726386692 -0.054367879558967797 -0.0090875650679516449 0.029901294458856871 -0.041335937907412496 -0.037879045453563534 -0.037136848348463473 0.035513980724738624 0.0041557604694008312 0.022738111466011009 -0.0068874997598675075 0.031666853007346639 -0.007026315385934432 0.030742055251325479 -0.025229034872469275
leaf_weight=15.790096352720864 3.2060350443352936 13.056786647648552 40.873675008537248 5.6594488327682511 4.053418611496455 2.5085325567924928 3.573249559733088 4.382399815309328 5.309255321044474 11.102170499478229 3.5442414863064196 9.195456547837237 5.2396550331031895 7.4358580288535459
leaf_count=2622 765 668 728 645 531 127 57 128 134 711 132 245 116 467
internal_value=-0.00025734 0.0098663 0.0206659 -0.0255178 -0.00738456 -0.0127695 -0.00293858 0.00180981 0.000112601 -0.0033454 0.00244215 -0.00277754 0.00668284 -0.0143327
internal_weight=134.93 96.3258 59.2397 38.6045 37.0861 22.8144 33.88 29.8266 18.366 17.1549 14.6464 26.2534 14.4351 11.8183
internal_count=8076 3839 1530 4237 2309 1615 1544 1013 802 970 843 956 361 595
is_linear=0
shrinkage=0.05


Tree=40
num_leaves=15
num_cat=0
split_feature=6 2 1 3 3 10 0 7 3 1 7 0 3 0
split_gain=14.1538 6.82109 5.59177 3.19736 2.90902 2.25351 1.62266 1.56534 1.42108 1.3404 1.29829 1.19708 1.03262 1.72249
threshold=1.0000000180025095e-35 1.0000000180025095e-35 1.0071428571428573 0.58333333333333337 0.58333333333333337 2.5000000000000004 1.3000000000000005 1.0000000180025095e-35 0.87500000000000011 3.5607142857142864 1.0000000180025095e-35 -4.7499999999999991 0.70833333333333337 1.2500000000000002
decision_type=10 2 10 2 2 10 8 10 2 8 10 10 2 8
left_child=4 -2 5 10 -1 8 -6 12 11 -8 -4 -3 -5 -14
right_child=1 2 3 7 6 -7 9 -9 -10 -11 -12 -13 13 -15
leaf_value=-0.04282663844255849 -0.055702597885643301 -0.011562475399737935 -0.00089723710946399457 0.014368094849253131 -0.037841283162945633 0.025976375950714406 0.0089369696389837282 0.049263670604536118 0.0060788329044580017 -0.019223754423550385 0.024682499807588024 -0.041827560894363819 0.064211390877441876 0.025002760355069972
leaf_weight=15.176154274042345 3.7673699675360686 11.61816971818917 16.565836531575773 13.345087817870082 5.6439964002347551 4.771761024312581 7.4945710866013604 8.3379289209842664 7.6541451994562513 9.687739767439778 7.0806406702613449 4.5455100328545113 3.499082981608808 14.042909004725518
leaf_count=2609 826 478 618 255 682 120 299 120 331 668 136 691 55 234
internal_value=-6.31363e-05 0.0102319 0.0129478 0.0212846 -0.0258608 -0.00538591 -0.0145811 0.0300393 -0.0116692 -0.00694062 0.00676229 -0.0200735 0.0248497 0.0328237
internal_weight=133.231 95.2284 91.4611 62.8715 38.0025 28.5896 22.8263 39.225 23.8178 17.1823 23.6465 16.1637 30.8871 17.542
internal_count=8122 3864 3038 1418 4258 1620 1649 664 1500 967 754 1169 544 289
is_linear=0
shrinkage=0.05


Tree=41
num_leaves=15
num_cat=0
split_feature=6 3 0 0 2 3 10 5 0 10 7 7 6 0
split_gain=12.8383 6.40808 4.97378 2.98315 2.26238 1.98352 1.80297 1.45722 1.20696 1.42208 1.17472 0.91935 0.90578 1.79406
threshold=1.0000000180025095e-35 0.70833333333333337 2.2500000000000004 0.45000000000000023 1.0000000180025095e-35 0.58333333333333337 1.5000000000000002 1.0000000180025095e-35 -1.0000000180025095e-35 1.5000000000000002 1.0000000180025095e-35 1.0000000180025095e-35 1.0000000180025095e-35 22.650000000000002
decision_type=10 2 10 10 2 2 8 2 10 10 10 8 8 10
left_child=3 2 4 -1 -2 -4 -6 10 9 -3 12 -7 13 -5
right_child=1 8 5 7 6 11 -8 -9 -10 -11 -12 -13 -14 -15
leaf_value=-0.041565821023458821 -0.056013879316552467 0.0015586888723197556 0.0051815952485946724 -0.034692606466494899 -0.021790369166491085 0.01901490526547019 0.001919434971766142 -0.054886726282766252 0.034841431529148356 0.048988162125920963 0.012528779110711312 0.04767125566780224 -0.0024591966915387432 0.073017247080838094
leaf_weight=16.014647110059741 2.6760309939272693 6.6598898983211274 15.534007725393167 6.6386799136234957 13.988853636314159 5.8283078772947183 18.785684444592334 1.8574628377100442 21.605160092178266 2.0721244146116078 4.9070183357544002 5.3846384454518565 6.4197309608862279 0.41051102837081987
leaf_count=2400 610 300 686 836 991 120 627 398 384 56 251 89 360 7
internal_value=-0.000219481 0.00966117 0.000471866 -0.025443 -0.0118097 0.0167499 -0.0082004 -0.0126819 0.0285012 0.0128138 -0.00841574 0.0327761 -0.0160463 -0.0284201
internal_weight=128.783 92.5347 62.1975 36.2481 35.4506 26.747 32.7745 20.2334 30.3372 8.73201 18.3759 11.2129 13.4689 7.04919
internal_count=8115 3863 3123 4252 2228 895 1618 1852 740 356 1454 209 1203 843
is_linear=0
shrinkage=0.05


Tree=42
num_leaves=15
num_cat=0
split_feature=6 4 0 0 2 0 7 7 9 7 10 6 0 10
split_gain=11.6256 5.78722 3.55979 2.80938 2.5732 1.92043 1.58088 1.52877 1.19538 1.15059 1.1254 1.05317 1.26609 1.00877
threshold=1.0000000180025095e-35 1.5000000000000002 1.0000000180025095e-35 0.90000000000000024 1.0000000180025095e-35 0.45000000000000023 1.0000000180025095e-35 1.0000000180025095e-35 2.5000000000000004 1.0000000180025095e-35 4.5000000000000009 1.0000000180025095e-35 18.350000000000005 5.5000000000000009
decision_type=10 2 10 10 2 8 8 10 2 10 8 8 10 8
left_child=3 4 9 -1 -2 -6 -7 11 -4 -3 -10 12 -5 -9
right_child=1 2 8 7 5 6 -8 13 10 -11 -12 -13 -14 -15
leaf_value=-0.039462301382215098 -0.054095708823167513 -0.0037358494888921527 0.03223085168393184 -0.041461717393102886 -0.037488937777858937 -0.012086469069773897 0.01270127133032733 -0.0034937116566680967 -0.0057395490455276017 0.029658158568882299 0.032392901263163021 -0.0057160498257454867 0.024854278431861953 0.043505768567609709
leaf_weight=16.53271655284334 2.7177019063965409 16.454533356329197 30.446766072884202 6.104393425703166 3.5982199236459573 11.745663909503493 14.219009131222263 3.4780002395709735 4.5635542310774317 3.0589430274558245 3.3591286847367883 6.5914859015028933 0.81593074754346151 1.699586756643839
leaf_count=2562 760 810 574 905 511 603 373 248 100 79 56 422 51 62
internal_value=-8.93491e-05 0.00942645 0.0188863 -0.0244484 -0.00753622 -0.00325603 0.00148802 -0.0111671 0.0277289 0.00149901 0.0104282 -0.0200193 -0.0336428 0.0119343
internal_weight=125.386 90.1635 57.8829 35.2221 32.2806 29.5629 25.9647 18.6894 38.3694 19.5135 7.92268 13.5118 6.92032 5.17759
internal_count=8116 3866 1619 4250 2247 1487 976 1688 730 889 156 1378 956 310
is_linear=0
shrinkage=0.05


Tree=43
num_leaves=15
num_cat=0
split_feature=6 2 3 1 3 1 7 7 10 10 3 1 1 1
split_gain=11.0068 6.84852 4.47084 3.51119 3.46235 2.39653 1.94729 1.86477 1.74112 1.31711 1.12002 1.44716 1.88441 1.09468
threshold=1.0000000180025095e-35 1.0000000180025095e-35 0.58333333333333337 0.95357142857142863 0.87500000000000011 0.9816666666666668 1.0000000180025095e-35 1.0000000180025095e-35 1.5000000000000002 3.5000000000000004 0.87500000000000011 2.4916666666666671 3.3690476190476195 2.1125000000000003
decision_type=8 2 2 10 2 8 10 8 10 10 2 10 10 8
left_child=4 -2 5 8 -1 -3 10 13 -4 -6 -5 -12 -13 -7
right_child=1 2 3 6 9 7 -8 -9 -10 -11 11 12 -14 -15
leaf_value=-0.051348653693960127 -0.054683502476599047 -0.04417701088327626 -0.0097788679429804109 0.010937646304106739 -0.022254496156035222 0.0016993006237418133 0.047132413919242958 0.010350014420377808 0.021380237388331044 0.023139041814085978 0.04452914675687835 -0.020758577097095415 0.03058434078809797 -0.025872117540267206
leaf_weight=12.042122942861171 4.4109565926482892 3.5426207336131474 13.966259226290278 16.680415259645088 5.0351281882758476 6.3528808630653666 8.3121944006998074 17.184583439506241 6.6029312203172585 2.3409325988031924 8.0175415448320582 2.5778972343541664 5.8259722971124575 8.3080123326362809
leaf_count=2498 1093 589 850 397 389 279 155 557 176 51 190 57 130 648
internal_value=-0.000327822 0.00625356 0.00901404 0.0171095 -0.0348248 -0.00516536 0.0254963 -0.000825541 0.00022354 -0.007848 0.0200632 0.0293327 0.0148348 -0.0139248
internal_weight=121.2 101.782 97.3713 61.9832 19.4182 35.3881 41.414 31.8455 20.5692 7.37606 33.1018 16.4214 8.40387 14.6609
internal_count=8059 5121 4028 1955 2938 2073 929 1484 1026 440 774 377 187 927
is_linear=0
shrinkage=0.05


Tree=44
num_leaves=15
num_cat=0
split_feature=2 1 3 1 7 3 8 11 7 9 7 4 3 10
split_gain=8.62717 6.92364 2.88102 2.56142 1.67738 1.81567 1.56371 1.61581 1.40431 1.08547 0.90261 0.827891 0.783171 0.737541
threshold=1.0000000180025095e-35 1.0071428571428573 0.58333333333333337 0.60714285714285721 1.0000000180025095e-35 0.87500000000000011 1.0000000180025095e-35 1.0000000180025095e-35 1.0000000180025095e-35 2.5000000000000004 inf 1.5000000000000002 0.87500000000000011 1.5000000000000002
decision_type=2 10 2 8 8 2 10 8 8 2 8 2 2 10
left_child=-1 3 8 12 11 -6 7 -4 -3 10 -8 -5 -2 -7
right_child=1 2 6 4 5 13 9 -9 -10 -11 -12 -13 -14 -15
leaf_value=-0.054546634342071722 -0.049785153233539083 -0.012862125214346355 -0.012199405449487857 -0.035354033418181142 -0.0063701884940051377 0.018441873445870106 0.03241555723532024 0.034196559333829063 0.0098367287011794768 0.0076934551849170462 0.0090233720361915376 -0.010782943314366453 -0.015350226176815097 0.063732113640573837
leaf_weight=6.8394594618002875 5.5283450191491275 12.748177483124893 6.5235325873218217 4.6192397745035185 8.0670787193375855 2.3989001600712068 24.897654489002893 2.6344186401693159 14.637766436950185 7.8958443773299214 4.9424249884614246 13.295444549657985 2.3544007069431245 1.4376086840638889
leaf_count=1741 1028 999 123 668 541 113 758 59 596 280 185 758 251 34
internal_value=-3.11411e-05 0.0032985 0.0121559 -0.0141527 -0.00745179 0.00709645 0.019681 0.00114707 -0.000729605 0.0241789 0.0285411 -0.0171185 -0.0395002 0.0354129
internal_weight=118.82 111.981 74.2798 37.701 29.8183 11.9036 46.8939 9.15795 27.3859 37.7359 29.8401 17.9147 7.88275 3.83651
internal_count=8134 6393 3000 3393 2114 688 1405 182 1595 1223 943 1426 1279 147
is_linear=0
shrinkage=0.05


Tree=45
num_leaves=15
num_cat=0
split_feature=1 3 1 5 5 7 8 1 3 4 0 0 0 8
split_gain=8.2144 4.71114 2.77255 2.16506 1.78642 1.61198 1.31092 1.08461 1.04152 1.0139 0.853266 0.809267 0.762829 0.974858
threshold=1.0071428571428573 0.58333333333333337 0.60714285714285721 1.0000000180025095e-35 1.0000000180025095e-35 1.0000000180025095e-35 1.0000000180025095e-35 1.229166666666667 0.87500000000000011 2.5000000000000004 1.7500000000000002 0.59999999999999998 5.5500000000000007 1.0000000180025095e-35
decision_type=10 2 8 2 2 10 10 10 2 2 8 10 8 10
left_child=2 3 -1 7 5 6 -4 11 -8 12 -9 -2 -3 -14
right_child=1 9 4 -5 -6 -7 8 10 -10 -11 -12 -13 13 -15
leaf_value=-0.042693185876465471 -0.0032270996472808181 0.01001507281409931 -0.041624856350117305 -0.053413812178071611 -0.05414471669176573 0.016074033065603718 -0.017589635907159298 -0.026396910831302963 0.0056825219826390529 0.033648846332870068 -0.0013115991587726551 0.052060228299517841 -0.00022515653735314932 0.032576783568481413
leaf_weight=9.0625241575762612 1.1761209296528314 22.165432739013344 3.5803166926634828 2.2386036721291012 2.266346873540896 5.5995524477912104 12.776120859634831 4.0890586102177569 7.7083462388691251 10.076844092167446 19.825549531407894 1.51379800401628 2.9165467858547336 10.140407409984613
leaf_count=1681 94 820 272 710 591 249 1235 322 369 245 1137 22 54 307
internal_value=-0.000324131 0.00960648 -0.0182851 -0.00618868 -0.0113577 -0.00808874 -0.0137111 -0.00221498 -0.00883228 0.0196636 -0.00560083 0.0278868 0.0156626 0.0252498
internal_weight=115.136 74.1424 40.9932 28.8431 31.9307 29.6643 24.0648 26.6045 20.4845 45.2992 23.9146 2.68992 35.2224 13.057
internal_count=8108 3711 4397 2285 2716 2125 1876 1575 1604 1426 1459 116 1181 361
is_linear=0
shrinkage=0.05


Tree=46
num_leaves=15
num_cat=0
split_feature=6 3 3 1 5 7 0 7 8 7 6 0 1 3
split_gain=9.41209 6.53318 3.68655 3.15385 2.56888 1.88466 1.84499 1.55059 1.30351 1.272 1.07039 1.09885 1.05144 0.952156
threshold=1.0000000180025095e-35 0.58333333333333337 0.87500000000000011 1.2583333333333335 1.0000000180025095e-35 1.0000000180025095e-35 0.45000000000000023 1.0000000180025095e-35 1.0000000180025095e-35 1.0000000180025095e-35 1.0000000180025095e-35 3.9500000000000006 1.229166666666667 0.70833333333333337
decision_type=8 2 2 10 2 10 8 10 8 10 10 10 8 2
left_child=2 4 -1 5 6 13 -2 -4 -5 12 -10 -12 -8 -3
right_child=1 3 7 8 -6 -7 9 -9 10 -11 11 -13 -14 -15
leaf_value=-0.05054653599425446 -0.035934043054091862 -0.013748969191618929 -0.01820613017344111 -0.0051636556779605797 -0.053064897675939408 0.035991391472416541 0.041492682837358658 0.034346532131334796 0.009099052028371319 0.01532510373341836 0.0242558341943446 0.044434928624943276 -0.0098348972525011003 0.0084659115391186365
leaf_weight=10.776614797534423 4.2314546877169059 9.7366425010550337 5.3720279986446249 2.8239149613073096 3.0291476259590118 3.7506026465562163 1.0497053858707683 1.900068309245398 5.0308983459835863 8.7910781133105065 13.66288041137159 13.327168477699159 20.160964845330454 9.5589049652771791
leaf_count=2499 698 612 385 48 1008 119 25 50 188 241 308 293 1153 487
internal_value=0.00111991 0.007399 -0.0319836 0.0179101 -0.00893117 0.00356005 -0.00502597 -0.00447506 0.0274012 -0.000666686 0.0302731 0.0342199 -0.00729472 -0.00274384
internal_weight=113.202 95.1534 18.0487 57.891 37.2624 23.0462 34.2332 7.2721 34.8449 30.0017 32.0209 26.99 21.2107 19.2955
internal_count=8114 5180 2934 2055 3125 1218 2117 435 837 1419 789 601 1178 1099
is_linear=0
shrinkage=0.05


Tree=47
num_leaves=15
num_cat=0
split_feature=6 4 1 3 5 0 1 0 3 7 7 10 0 0
split_gain=8.97312 5.51874 3.33018 3.1264 2.30109 1.60453 1.28519 1.14177 1.06653 1.0167 0.999642 0.93999 0.906569 0.77757
threshold=1.0000000180025095e-35 1.5000000000000002 1.2583333333333335 0.87500000000000011 1.0000000180025095e-35 0.45000000000000023 1.229166666666667 0.90000000000000024 0.70833333333333337 1.0000000180025095e-35 1.0000000180025095e-35 1.5000000000000002 2.0500000000000003 -4.9499999999999993
decision_type=8 2 10 2 2 10 10 8 2 8 10 8 8 10
left_child=3 4 8 -1 5 11 -7 -5 10 -9 13 -2 -8 -3
right_child=1 2 -4 7 -6 6 12 9 -10 -11 -12 -13 -14 -15
leaf_value=-0.051012893269570814 -0.042440614736912526 -0.0056508917091414538 0.025142160835818234 -0.050917976368789919 -0.052962615788094282 0.044273751526794324 -0.0208412509936521 -0.016071281213967652 0.011821224542945409 0.026832261944340449 0.023167078633259782 -0.010338412518281756 0.0043258387359026004 -0.034634611248293777
leaf_weight=10.089667634922082 3.7622321006201682 6.7536063116276628 35.404722323379247 1.2315049582684867 2.8525321220513424 1.6375927309272835 4.744918324373427 3.2393133509758627 11.653383478696924 2.4068234207225032 1.9862118809251121 5.7891370751312943 14.553525063296551 3.520197177946101
leaf_count=2511 683 287 841 167 1000 33 237 177 536 97 71 420 630 394
internal_value=0.000136095 0.0062575 0.0154057 -0.0332927 -0.0100189 -0.00600095 0.00174668 -0.00729685 0.000990551 0.00221755 -0.00930422 -0.0229833 -0.00186201 -0.0155818
internal_weight=109.625 92.6581 59.3181 16.9673 33.3399 30.4874 20.936 6.87764 23.9134 5.64614 12.26 9.55137 19.2984 10.2738
internal_count=8084 5132 2129 2952 3003 2003 900 441 1288 274 752 1103 867 681
is_linear=0
shrinkage=0.05


Tree=48
num_leaves=15
num_cat=0
split_feature=6 2 1 3 10 3 4 10 7 7 6 1 9 9
split_gain=7.41533 4.75754 3.72549 3.01151 2.07397 1.67127 1.29041 1.13382 0.924593 0.905641 0.826881 0.999627 0.958425 1.1101
threshold=1.0000000180025095e-35 1.0000000180025095e-35 0.97083333333333344 0.87500000000000011 1.5000000000000002 0.58333333333333337 1.5000000000000002 3.5000000000000004 1.0000000180025095e-35 1.0000000180025095e-35 1.0000000180025095e-35 3.4750000000000005 2.5000000000000004 1.5000000000000002
decision_type=8 2 10 2 10 2 2 8 10 8 10 10 2 2
left_child=3 -2 4 -1 6 9 -3 -5 -6 -4 11 -7 13 -12
right_child=1 2 5 7 8 10 -8 -9 -10 -11 12 -13 -14 -15
leaf_value=-0.049770099622643102 -0.053882728372277346 -0.039051361674214025 -0.0068307070239521069 -0.025007327370903016 -0.0036302382480640004 0.017138404622448766 -0.0095762393543552937 0.015209979763121962 0.029154391967944417 0.012640129980755296 0.019621899156409332 -0.027975269709599931 0.0059138687264552042 0.041171725132076765
leaf_weight=9.5507925281708612 3.3197236518317359 5.2192566502490143 11.036521106536386 3.8535936802218194 4.5994001092622039 4.0029419440252232 12.868895322506431 3.2142309904447757 4.0391434227349237 13.014543106386553 14.970862487854905 1.7712115042086223 5.9664502241648725 9.9465417481260374
leaf_count=2486 1106 828 663 313 234 153 892 146 118 401 304 75 141 253
internal_value=-0.000754019 0.0048687 0.00709935 -0.0314601 -0.0084557 0.0139473 -0.0180812 -0.00671772 0.0116989 0.00370538 0.020667 0.00329986 0.023914 0.0282242
internal_weight=107.374 90.7555 87.4358 16.6186 26.7267 60.7091 18.0882 7.06782 8.63854 24.0511 36.658 5.77415 30.8839 24.9174
internal_count=8113 5168 4062 2945 2072 1990 1720 459 352 1064 926 228 698 557
is_linear=0
shrinkage=0.05


Tree=49
num_leaves=15
num_cat=0
split_feature=6 3 2 7 3 0 0 1 4 0 10 1 0 1
split_gain=7.8009 4.49444 2.83108 2.41109 1.93529 1.92851 1.85821 1.61805 1.35757 1.06759 1.06267 0.789455 1.90299 0.779542
threshold=1.0000000180025095e-35 0.70833333333333337 1.0000000180025095e-35 1.0000000180025095e-35 0.41666666666666669 0.59999999999999998 1.7500000000000002 0.35357142857142865 1.5000000000000002 19.250000000000004 3.5000000000000004 2.1125000000000003 4.0500000000000007 2.2071428571428577
decision_type=10 2 2 10 2 8 10 10 2 10 10 10 8 10
left_child=5 2 -2 6 -5 -1 10 -3 9 -7 -4 -8 -13 -6
right_child=1 7 3 4 13 8 11 -9 -10 -11 -12 12 -14 -15
leaf_value=-0.046011262359302064 -0.054741877152638202 0.0050597970018714097 -0.017587872926308812 -0.0072845233878348938 0.023141769872652557 -0.039333190267365287 0.02441441995748642 0.033919340170337868 -0.0067741467110370357 0.03947779734572493 0.035100667545371632 -0.03140259642732024 0.011824185216632676 0.055035501004051073
leaf_weight=6.6440045786148403 2.2609381935617412 6.6902001773705733 17.834455161384543 3.7273530598613416 4.594403111608699 6.2301922911865466 5.02650337526575 17.723342614946887 14.853498676427987 0.46153641556156788 1.0112542370334257 3.3686305235314622 10.427011698950082 3.286266793962568
leaf_count=1482 837 237 1347 95 130 1574 115 490 1110 56 32 154 367 85
internal_value=1.72172e-06 0.00833875 -3.26781e-05 0.00247756 0.0224011 -0.0224608 -0.00366222 0.0260108 -0.0151984 -0.0338975 -0.0147606 0.00745007 0.00126904 0.0364416
internal_weight=104.14 75.9504 51.5368 49.2759 11.608 28.1892 37.6679 24.4135 21.5452 6.69173 18.8457 18.8221 13.7956 7.88067
internal_count=8111 3889 3162 2325 310 4222 2015 727 2740 1630 1379 636 521 215
is_linear=0
shrinkage=0.05


Tree=50
num_leaves=15
num_cat=0
split_feature=6 2 1 3 3 7 10 4 7 4 3 6 8 0
split_gain=7.63339 4.3449 3.14254 2.41119 2.02659 1.48883 1.37118 1.38592 0.949511 0.911297 0.85745 0.830516 0.768439 1.40795
threshold=1.0000000180025095e-35 1.0000000180025095e-35 0.97083333333333344 0.87500000000000011 0.58333333333333337 1.0000000180025095e-35 1.5000000000000002 2.5000000000000004 1.0000000180025095e-35 1.5000000000000002 0.41666666666666669 1.0000000180025095e-35 1.0000000180025095e-35 5.3500000000000014
decision_type=8 2 10 2 2 10 8 2 8 2 2 10 10 10
left_child=3 -2 6 -1 5 -4 9 -8 -5 -3 -7 -6 -13 -14
right_child=1 2 4 8 11 10 7 -9 -10 -11 -12 12 13 -15
leaf_value=-0.048886109653868762 -0.053670112562081089 -0.040962122505552881 -0.0050750315103499505 -0.026659531282117222 0.0046841293726207585 0.0060376731979080965 0.00033636353923710501 0.053291846817837496 0.01355139981971918 -0.0096317242840020783 0.04183130356924545 0.010454890084137615 0.021809767488427653 0.047850244544698037
leaf_weight=8.7569097284576838 2.8753529907553448 3.0592004914215076 15.240958876252991 3.0815754669310982 5.2980129672505418 3.4897304115584111 12.994225344358707 1.3653654651716358 2.8038758762413636 9.6178730155952508 3.2142319389677141 6.1735155717469778 15.992272884119304 7.6852107685990623
leaf_count=2504 1086 621 861 283 232 81 740 57 139 673 95 91 429 186
internal_value=0.00114789 0.00676884 0.00883447 -0.0322522 0.0154844 0.00356242 -0.00520828 0.00537158 -0.00750272 -0.0171923 0.023199 0.0229277 0.0261656 0.030262
internal_weight=101.648 87.006 84.1306 14.6424 57.0939 21.9449 27.0367 14.3596 5.88545 12.6771 6.70396 35.149 29.851 23.6775
internal_count=8078 5152 4066 2926 1975 1037 2091 797 422 1294 176 938 706 615
is_linear=0
shrinkage=0.05


Tree=51
num_leaves=15
num_cat=0
split_feature=1 2 6 4 1 3 7 8 3 0 6 10 3 4
split_gain=6.44285 4.47058 3.22747 2.32312 1.83459 1.14935 1.04899 1.12516 0.740867 0.907618 0.708563 0.673089 0.752222 0.666625
threshold=0.95357142857142863 1.0000000180025095e-35 1.0000000180025095e-35 1.5000000000000002 1.2583333333333335 0.87500000000000011 1.0000000180025095e-35 1.0000000180025095e-35 0.87500000000000011 8.9500000000000011 1.0000000180025095e-35 1.5000000000000002 0.70833333333333337 1.5000000000000002
decision_type=8 2 10 2 10 2 8 10 2 10 8 10 2 2
left_child=5 -2 6 -4 11 -1 13 -8 9 -9 -7 12 -5 -3
right_child=1 2 3 4 -6 10 7 8 -10 -11 -12 -13 -14 -15
leaf_value=-0.046281187075833709 -0.05404878161435045 -0.041283470887365808 -0.00044499370239731666 -0.015079743247010861 0.027099587045019771 -0.048934049911427753 -0.040549224926942101 -0.019125028858245467 0.029707302067706678 0.027998450151517241 0.0045841335723215493 0.021023847744909844 0.012235081658766907 -0.013416796320665484
leaf_weight=7.7869558794482128 3.119651434099068 2.81158355648222 22.829086307945545 5.2849788576422707 27.11030968464911 0.85531460191123221 1.2758737819967789 2.9039515100812405 2.9551955840433948 1.5765371011220848 2.2334228933032136 4.597827269230037 4.8186034383252263 9.0671359891130123
leaf_count=2001 1197 773 1072 175 643 120 120 482 154 87 248 128 139 764
internal_value=0.000269671 0.00473979 0.00689158 0.0123829 0.019387 -0.0360442 -0.0103479 0.00283045 0.0102739 -0.00254382 -0.0102358 0.0051644 -0.00205275 -0.0200126
internal_weight=99.2264 88.3507 85.2311 64.6408 41.8117 10.8757 20.5903 8.71156 7.43568 4.48049 3.08874 14.7014 10.1036 11.8787
internal_count=8103 5734 4537 2157 1085 2369 2380 843 723 569 368 442 314 1537
is_linear=0
shrinkage=0.05


Tree=52
num_leaves=15
num_cat=0
split_feature=6 4 7 1 0 4 1 7 5 8 7 0 0 0
split_gain=6.14893 3.89242 2.78105 2.32667 1.97729 1.40284 1.11247 0.97146 0.804163 0.76624 0.744914 0.666197 0.629853 0.624295
threshold=1.0000000180025095e-35 1.5000000000000002 1.0000000180025095e-35 0.97083333333333344 0.45000000000000023 1.5000000000000002 1.229166666666667 1.0000000180025095e-35 1.0000000180025095e-35 1.0000000180025095e-35 1.0000000180025095e-35 -5.0499999999999989 4.9500000000000011 10.550000000000002
decision_type=8 2 10 10 10 2 10 10 2 8 10 10 10 10
left_child=5 4 3 9 -2 -1 -6 -7 10 -3 -8 -11 -12 -5
right_child=1 2 -4 13 6 7 8 -9 -10 11 12 -13 -14 -15
leaf_value=-0.051246763647508548 -0.026378280794361272 -0.048659849160971616 0.03929822397267841 0.020860734027918194 0.039900155905609233 -0.026502833515173536 -0.0072467377807665066 0.013048558822433979 -0.052761265407969798 0.0017476391956054733 -0.0018337686361935676 -0.02581644745442134 0.031491898749386148 0.00032928547497513866
leaf_weight=4.8152080345025725 9.7588490176131035 1.0010162347462028 9.3835788131691498 24.32094407375553 1.6832824375014777 7.1184108559100423 12.443458458830724 1.985595808655489 0.76424196982406911 11.69509129293146 2.8723843976040362 2.6977242928114729 2.7998326884116977 4.3673177601303896
leaf_count=1742 1687 67 272 750 57 1047 721 137 404 451 76 508 82 98
internal_value=0.00135374 0.00646613 0.0145819 0.00932067 -0.00784414 -0.0294207 0.000951755 -0.0178766 -0.00252078 -0.00636074 -0.000401295 -0.00341885 0.0146159 0.0177352
internal_weight=97.7069 83.7877 53.4657 44.0821 30.322 13.9192 20.5632 9.10401 18.8799 15.3938 18.1157 14.3928 5.67222 28.6883
internal_count=8099 5173 2146 1874 3027 2926 1340 1184 1283 1026 879 959 158 848
is_linear=0
shrinkage=0.05


Tree=53
num_leaves=15
num_cat=0
split_feature=6 2 1 3 3 10 7 0 4 1 7 1 3 1
split_gain=5.98738 3.59071 2.91512 2.39883 1.9494 1.4133 0.900178 0.72382 0.62125 1.27607 0.544397 0.529935 0.56963 0.487972
threshold=1.0000000180025095e-35 1.0000000180025095e-35 1.0071428571428573 0.87500000000000011 0.58333333333333337 1.5000000000000002 1.0000000180025095e-35 10.050000000000002 2.5000000000000004 2.4916666666666671 1.0000000180025095e-35 0.97083333333333344 0.87500000000000011 1.2775000000000001
decision_type=8 2 10 2 2 10 10 10 2 10 8 8 2 8
left_child=3 -2 5 -1 6 11 13 10 -6 -10 -5 12 -3 -4
right_child=1 2 4 7 8 -7 -8 -9 9 -11 -12 -13 -14 -15
leaf_value=-0.048532010660183478 -0.053413875038380645 -0.040881586484565607 0.023530510190031859 -0.029942752353086546 0.018574493695998756 0.010754461929534141 0.018571511754856627 0.029008898484350645 0.056722811580089329 0.013850676971636789 0.0035603084876179034 -0.0084696302208533657 -0.0060133571027087013 -0.0071539423859815626
leaf_weight=7.5898919607861881 2.4705871543555977 3.0967104305164019 1.4362303111993249 2.6811277642555069 25.542942043801304 8.6835146968223835 6.199902045656926 1.1683831959962843 3.4965904902201137 3.4464232381433249 2.2135849821643205 12.796228165127102 1.8838784009276421 13.240073479624698
leaf_count=2519 1101 837 72 289 737 383 178 28 75 77 132 722 240 743
internal_value=0.000865019 0.00595255 0.00779 -0.0298 0.0145185 -0.0057792 0.00259712 -0.00635085 0.0221794 0.0354416 -0.0147913 -0.0138555 -0.0276929 -0.00415115
internal_weight=95.9461 82.2931 79.8225 13.653 53.3622 26.4603 20.8762 6.0631 32.486 6.94301 4.89471 17.7768 4.98059 14.6763
internal_count=8133 5165 4064 2968 1882 2182 993 449 889 152 421 1799 1077 815
is_linear=0
shrinkage=0.05


Tree=54
num_leaves=15
num_cat=0
split_feature=6 1 3 2 1 1 3 1 7 7 11 4 3 7
split_gain=5.71596 2.81916 2.05008 1.83337 1.59559 1.25208 1.68928 1.25742 1.00825 0.873928 0.815338 0.693371 0.641927 0.615311
threshold=1.0000000180025095e-35 2.8583333333333338 0.58333333333333337 1.0000000180025095e-35 1.2775000000000001 2.5366666666666671 0.70833333333333337 1.2928571428571431 1.0000000180025095e-35 1.0000000180025095e-35 1.0000000180025095e-35 1.5000000000000002 0.41666666666666669 1.0000000180025095e-35
decision_type=10 10 2 2 10 10 2 10 10 8 8 2 2 10
left_child=4 3 9 -2 -1 6 7 -5 11 -3 -8 -6 -9 -4
right_child=1 2 13 5 8 -7 10 12 -10 -11 -12 -13 -14 -15
leaf_value=-0.034490464635710656 -0.054598197209683591 -0.013123547716926105 0.031207914239899444 -0.010631212847366886 -0.039157969550033256 -0.032519263143547777 0.031651916547073687 -0.0094598729583681186 0.012897645813858515 0.019339537681235874 0.0074857717760925258 -0.0096100903229458124 0.017427622631990183 0.059118717668377591
leaf_weight=10.705297835360399 1.4205260298913334 3.7546557712194053 9.3022802257910353 16.909916093660289 2.64492868047091 2.3396208174817721 6.8328991201706204 2.9680371792055658 3.8487861499888814 4.6292935748060708 7.1348354534711698 7.9625030515744584 8.8061952371499483 2.5067763444967559
leaf_count=2463 658 301 257 1328 880 71 236 126 307 231 291 594 263 66
internal_value=0.000443946 0.0081138 0.023709 0.00132862 -0.0198589 0.00309441 0.00504796 -0.00189579 -0.00902381 0.00480132 0.0193076 -0.0169778 0.0106498 0.0371327
internal_weight=91.7666 66.605 20.193 46.412 25.1615 44.9915 42.6519 28.6841 14.4562 8.38395 13.9677 10.6074 11.7742 11.8091
internal_count=8072 3828 855 2973 4244 2315 2244 1717 1781 532 527 1474 389 323
is_linear=0
shrinkage=0.05


Tree=55
num_leaves=15
num_cat=0
split_feature=6 2 1 3 3 7 10 3 10 4 8 0 4 7
split_gain=5.14337 3.24609 2.61134 2.29782 2.17196 1.35735 1.10874 1.09229 0.939695 0.86956 0.71033 0.921922 0.688778 0.647166
threshold=1.0000000180025095e-35 1.0000000180025095e-35 0.97083333333333344 0.87500000000000011 0.87500000000000011 1.0000000180025095e-35 1.5000000000000002 0.41666666666666669 1.5000000000000002 2.5000000000000004 1.0000000180025095e-35 0.90000000000000024 2.5000000000000004 1.0000000180025095e-35
decision_type=8 2 10 2 2 10 8 2 8 2 10 8 2 8
left_child=4 -2 8 5 -1 -4 -5 -7 -3 -10 -6 -12 -8 -13
right_child=1 2 3 6 10 7 12 -9 9 -11 11 13 -14 -15
leaf_value=-0.047631532993544737 -0.053287540168091209 -0.016099388747291388 0.0017142705350718396 0.051366388438305502 -0.045092286903693046 0.00015528592312616973 0.01279433174745457 0.036553621763483368 -0.0007670399810530235 0.043712396978325692 -0.045423020188656925 -0.0058470275502590851 0.040142298791465664 0.034478955604395588
leaf_weight=6.8535706890106649 2.2640306054090606 11.823318395152457 28.133524036464223 4.4163070138310987 0.98195555718848471 3.1555164299788867 7.1985409292392433 5.9433156162849627 11.772562919504704 1.211921407608316 0.86390356090851139 2.318507906558807 3.3849681360879913 1.7427694291545774
leaf_count=2464 1103 1297 1271 165 70 83 199 177 721 59 139 151 84 84
internal_value=0.000981035 0.00572168 0.00745583 0.0137999 -0.0284807 0.00714347 0.0303224 0.0239305 -0.00590146 0.0033845 -0.00626145 0.00148043 0.0215411 0.0114576
internal_weight=92.0647 79.304 77.04 52.2322 12.7607 37.2324 14.9998 9.09883 24.8078 12.9845 5.90714 4.92518 10.5835 4.06128
internal_count=8067 5159 4056 1979 2908 1531 448 260 2077 780 444 374 283 235
is_linear=0
shrinkage=0.05


Tree=56
num_leaves=15
num_cat=0
split_feature=6 2 10 3 3 1 1 10 4 1 7 8 0 6
split_gain=5.24027 2.82649 1.92453 1.88198 1.76734 1.00845 0.997351 0.991763 0.839559 0.83288 0.819094 0.552561 0.471459 1.37373
threshold=1.0000000180025095e-35 1.0000000180025095e-35 5.5000000000000009 0.58333333333333337 0.70833333333333337 0.38452380952380955 0.9816666666666668 3.5000000000000004 2.5000000000000004 2.4916666666666671 1.0000000180025095e-35 1.0000000180025095e-35 3.9500000000000006 inf
decision_type=8 2 10 2 2 10 8 8 2 10 10 10 10 8
left_child=4 -2 3 6 -1 11 -3 -6 12 -10 -8 -5 -7 -14
right_child=1 2 -4 5 7 8 10 -9 9 -11 -12 -13 13 -15
leaf_value=-0.048133112475908492 -0.053026785593121177 -0.03793636717364933 0.031583301316626726 -0.023649928599950295 -0.029709604711560495 0.0053126731345304297 -0.0096043309430947996 0.010976019583476077 0.044332328644474603 0.0073020770470942856 0.011825649689808281 0.0033696656530156016 0.029297403587601824 -0.018738049737275525
leaf_weight=6.4493951402546355 2.0459818882809477 2.3590932853694566 6.9616472552297628 2.2738982995506367 3.1631966923596337 14.721433650018303 16.359480459424962 2.8450226184213534 4.224184133578091 2.3706751889549196 6.1296092603733987 11.271721549201173 7.4429454901255641 1.8604222362919252
leaf_count=2499 1094 612 212 98 323 726 1217 149 136 57 200 575 203 67
internal_value=0.000157619 0.00496585 0.00652757 0.0040001 -0.029956 0.0101933 -0.00700778 -0.0104441 0.0152186 0.0310209 -0.00376339 -0.0011661 0.0108808 0.0196916
internal_weight=90.4787 78.0211 75.9751 69.0135 12.4576 44.1653 24.8482 6.00822 30.6197 6.59486 22.4891 13.5456 24.0248 9.30337
internal_count=8168 5197 4103 3891 2971 1862 2029 472 1189 193 1417 673 996 270
is_linear=0
shrinkage=0.05


Tree=57
num_leaves=15
num_cat=0
split_feature=6 3 0 10 8 4 10 1 10 1 1 0 1 3
split_gain=4.84493 2.3078 2.37083 1.70688 1.38942 1.81863 1.36685 1.2657 1.29489 0.958201 2.30257 0.850266 0.736514 0.588395
threshold=1.0000000180025095e-35 0.70833333333333337 1.8500000000000003 1.5000000000000002 1.0000000180025095e-35 1.5000000000000002 4.5000000000000009 1.1535714285714287 5.5000000000000009 2.8583333333333338 2.4916666666666671 1.7500000000000002 1.4450000000000001 0.41666666666666669
decision_type=10 2 10 10 10 2 8 8 8 10 10 8 10 2
left_child=7 2 3 -2 6 -6 -4 -1 -9 10 11 12 -3 -5
right_child=1 9 4 13 5 -7 -8 8 -10 -11 -12 -13 -14 -15
leaf_value=-0.043338882522406183 -0.022637020913428542 0.023721754674173468 -0.045949843531125759 -0.014895861604120453 0.0041056043362662688 0.037629297683734256 0.013202219472116814 -0.024764495256746739 0.0032572656949061405 0.035340290323175143 -0.044878472867855741 0.0084858017002846405 0.066187862144208756 0.016013709242475246
leaf_weight=4.9543550189846455 14.341056052275237 4.4821388186392159 1.9207761590369075 2.1820282964326898 10.365072692045944 6.6354332407936445 1.986778010294074 11.591681845580753 6.3983555752565726 6.3255226672627023 1.5836131619289506 8.3597637740895134 1.3222261229529975 5.2299220589047763
leaf_count=1470 1711 278 67 192 644 217 47 2039 728 180 33 218 35 214
internal_value=-0.00121879 0.00577862 -0.00101215 -0.012568 0.0110107 0.0171902 -0.0158742 -0.020961 -0.0147982 0.0189032 0.0123007 0.0186936 0.0333955 0.00691414
internal_weight=87.6787 64.7343 42.6611 21.753 20.9081 17.0005 3.90755 22.9444 17.99 22.0733 15.7477 14.1641 5.80436 7.41195
internal_count=8073 3836 3092 2117 975 861 114 4237 2767 744 564 531 313 406
is_linear=0
shrinkage=0.05


Tree=58
num_leaves=15
num_cat=0
split_feature=6 1 3 3 7 4 8 7 10 10 10 10 9 8
split_gain=3.95168 2.44892 1.79058 1.43683 1.71611 1.2479 1.14389 1.01414 0.914951 0.809068 0.653414 0.57664 0.486881 0.58222
threshold=1.0000000180025095e-35 0.95357142857142863 0.70833333333333337 0.70833333333333337 1.0000000180025095e-35 1.5000000000000002 1.0000000180025095e-35 1.0000000180025095e-35 1.5000000000000002 4.5000000000000009 4.5000000000000009 1.5000000000000002 2.5000000000000004 1.0000000180025095e-35
decision_type=8 10 2 2 10 2 10 10 8 8 10 10 2 8
left_child=2 5 -1 4 12 7 -6 -2 -5 -10 -4 -7 13 -3
right_child=1 3 10 8 6 11 -8 -9 9 -11 -12 -13 -14 -15
leaf_value=-0.047185092018998585 -0.037293017015041487 -0.028082276895833411 -0.016313752071626521 0.042391707675043785 -0.018347497942551933 -0.0080456973650341029 0.02996865736309734 0.0061237404636978708 0.003461291216175548 0.030643383022763024 0.026712203729747398 0.01229388581045476 -0.014948805698637355 0.0036758396215379897
leaf_weight=5.9756722909369255 5.607900678151057 1.5648823097581044 4.2819657043291954 4.1447285172180246 1.4509354982292277 12.322800317269868 7.8672714107669872 1.7693659077849586 6.5027415610384187 4.7278826683759698 1.1114448378793893 4.8585835789563125 6.0715703708774518 18.555426930157417
leaf_count=2462 1389 69 433 168 46 933 299 166 163 146 31 189 450 1151
internal_value=-0.000853627 0.0032875 -0.0283337 0.00954571 0.00401714 -0.00967948 0.0224454 -0.0268799 0.0223142 0.0149044 -0.0074472 -0.00229403 -0.00253901 0.00120581
internal_weight=86.8132 75.4441 11.3691 50.8854 35.5101 24.5587 9.31821 7.37727 15.3754 11.2306 5.39341 17.1814 26.1919 20.1203
internal_count=8095 5169 2926 2492 2015 2677 345 1555 477 309 464 1122 1670 1220
is_linear=0
shrinkage=0.05


Tree=59
num_leaves=15
num_cat=0
split_feature=6 2 3 0 7 3 0 1 1 1 11 3 0 1
split_gain=4.24928 2.48089 1.89528 1.98214 1.48184 1.42668 1.2472 1.4697 1.0813 1.07816 0.868738 0.841966 0.716682 0.704525
threshold=1.0000000180025095e-35 1.0000000180025095e-35 0.70833333333333337 0.45000000000000023 1.0000000180025095e-35 0.70833333333333337 1.4000000000000004 3.5071428571428576 1.1464285714285716 2.4916666666666671 1.0000000180025095e-35 0.58333333333333337 19.550000000000004 0.38452380952380955
decision_type=8 2 2 8 10 2 8 10 10 10 8 2 10 10
left_child=5 -2 3 -3 12 -1 8 9 13 10 -8 -6 -5 -4
right_child=1 2 6 4 11 -7 7 -9 -10 -11 -12 -13 -14 -15
leaf_value=-0.046466848685003739 -0.052211896035627925 -0.028803617519392033 -0.026174982792092405 6.0226316244673111e-05 0.010130957780373579 -0.0099358608047742866 0.023716050416898081 0.032523693768812034 0.061372536716336405 -0.02682510094886318 -0.0074807447449116845 0.039745225880803273 -0.04220780593099193 0.02981134310489264
leaf_weight=5.619125682875163 1.8754607388254942 5.1664648248552139 0.6905046030879024 32.760507329156098 7.1530338253141945 5.0969630404142663 4.7845971417555164 5.3183603450015644 2.6146574642043561 2.7096703001298001 4.1821254651003992 3.6121216467581689 1.0345337360631663 3.0174541710293852
leaf_count=2478 1099 1043 98 1693 235 459 172 174 77 81 144 104 33 205
internal_value=0.000358259 0.00457058 0.00602851 0.000513335 0.00391245 -0.0290914 0.0177902 0.010737 0.0367488 0.000813535 0.0091657 0.0200677 -0.00123368 0.0193854
internal_weight=85.6356 74.9195 73.044 49.7267 44.5602 10.7161 23.3174 16.9948 6.32262 11.6764 8.96672 10.7652 33.795 3.70796
internal_count=8095 5158 4059 3108 2065 2937 951 571 380 397 316 339 1726 303
is_linear=0
shrinkage=0.05


Tree=60
num_leaves=15
num_cat=0
split_feature=2 1 6 3 7 1 0 3 8 0 3 0 8 0
split_gain=3.33878 2.71876 1.65168 1.39074 1.66422 1.0456 0.998222 0.926228 0.882524 0.874173 0.863523 0.757398 0.754578 0.751619
threshold=1.0000000180025095e-35 1.0071428571428573 1.0000000180025095e-35 0.87500000000000011 1.0000000180025095e-35 2.1875000000000004 1.8500000000000003 0.87500000000000011 1.0000000180025095e-35 4.9500000000000011 0.41666666666666669 5.6500000000000012 1.0000000180025095e-35 0.80000000000000004
decision_type=2 10 10 2 8 10 10 2 8 10 2 8 10 8
left_child=-1 2 -2 4 5 6 -3 -4 -6 10 -10 12 -7 -5
right_child=1 3 7 13 8 11 -8 -9 9 -11 -12 -13 -14 -15
leaf_value=-0.052132128900935992 -0.031660087864818748 -0.0099743230083396157 -0.011533688375105489 0.056173273835533 -0.020938465456186998 -0.07553810451222126 0.025468589206059718 0.010334215003050084 -0.017619310942887927 0.031848473780830416 0.017357942676900464 -0.0048282023116798323 -0.02307938182834433 0.017313559270001715
leaf_weight=2.9561996524425913 7.0017073766721323 4.3059858316846684 13.364972332201434 1.3513392741151617 1.6061870904813986 0.81716851019882764 3.6881319141830318 7.5933156075043362 2.4308090243721363 6.5571646086755218 6.4383327238319907 5.5734896964568188 4.254480588380825 15.714987115279657
leaf_count=1750 1785 392 1258 71 61 48 159 363 150 332 326 387 454 587
internal_value=5.75363e-05 0.00196939 -0.0106349 0.00865176 0.00303562 -0.00728816 0.00637747 -0.00361081 0.0143333 0.0180058 0.00777156 -0.0175506 -0.0315318 0.0203905
internal_weight=83.6543 80.6981 27.96 52.7381 35.6717 18.6393 7.99412 20.9583 17.0325 15.4263 8.86914 10.6451 5.07165 17.0663
internal_count=8123 6373 3406 2967 2309 1440 551 1621 869 808 476 889 502 658
is_linear=0
shrinkage=0.05


Tree=61
num_leaves=15
num_cat=0
split_feature=6 3 7 0 3 0 0 0 0 10 0 2 0 0
split_gain=4.59842 1.98243 1.5893 1.47484 1.27674 0.963595 0.596242 0.572526 0.605767 1.04801 0.515416 0.504194 0.486392 0.523912
threshold=1.0000000180025095e-35 0.70833333333333337 1.0000000180025095e-35 0.90000000000000024 0.41666666666666669 1.05 -3.1499999999999999 1.2500000000000002 3.8000000000000007 1.5000000000000002 6.6500000000000012 1.0000000180025095e-35 5.3500000000000014 4.3500000000000014
decision_type=10 2 10 10 2 10 10 8 10 8 10 2 10 8
left_child=3 2 5 -1 -4 -2 -3 -8 9 -9 -10 -5 13 -6
right_child=1 6 4 11 12 -7 7 8 10 -11 -12 -13 -14 -15
leaf_value=-0.036676282789050496 -0.014316962630784399 0.0058371422906180635 -0.005809312599232723 -0.052993781255514273 0.041646282350499719 0.0031742014564014377 0.039728869789978798 0.032684954947600119 0.051386898378090684 -0.015916271927709693 0.018711351465484222 -0.0071115972018227034 0.058505529427103513 0.0074686017218038442
leaf_weight=8.2461791404930427 14.154173049129897 5.4882081045652766 3.3233325682522246 0.63060391825274464 2.2854592851072089 17.746483229508158 4.6153247167530909 1.942146925255656 1.8202783123124389 2.5862674536183476 3.5811661155894399 11.855554834379289 1.414297135081142 2.2012353048776272
leaf_count=2540 1753 197 189 372 108 926 252 67 71 66 83 1317 55 62
internal_value=8.34666e-05 0.00698194 0.000698969 -0.0202664 0.018978 -0.00458655 0.0198798 0.0251784 0.0184154 0.00492783 0.029723 -0.00942884 0.0329377 0.0248782
internal_weight=81.8907 61.1584 41.125 20.7323 9.22432 31.9007 20.0334 14.5452 9.92986 4.52841 5.40144 12.4862 5.90099 4.48669
internal_count=8058 3829 3093 4229 414 2679 736 539 287 133 154 1689 225 170
is_linear=0
shrinkage=0.05


Tree=62
num_leaves=15
num_cat=0
split_feature=2 1 6 3 6 3 7 1 1 1 7 4 1 7
split_gain=2.96728 2.1585 1.32501 1.13528 1.00936 0.992249 0.800904 0.7008 0.617206 1.57177 0.942727 0.887252 0.549167 0.64083
threshold=1.0000000180025095e-35 1.1083333333333336 1.0000000180025095e-35 0.58333333333333337 1.0000000180025095e-35 0.87500000000000011 1.0000000180025095e-35 1.2775000000000001 2.8583333333333338 2.4916666666666671 1.0000000180025095e-35 2.5000000000000004 0.60714285714285721 1.0000000180025095e-35
decision_type=2 10 10 2 10 2 10 8 10 10 10 2 8 8
left_child=-1 2 12 6 -5 -4 7 -3 9 11 -10 -6 -2 -14
right_child=1 3 5 4 8 -7 -8 -9 10 -11 -12 -13 13 -15
leaf_value=-0.052171595169256929 -0.052076018834523209 0.026818081410282142 -0.012359443996497025 -0.00094093104650375613 0.010542090363793029 0.0098368981816809899 0.012924643554716835 -0.013038534258693751 0.020323056932920441 -0.028086373964201612 0.059254231395267781 0.04502532682144314 -0.034807895942308528 0.0019139218558884949
leaf_weight=2.7537026895734007 1.9209547675563978 1.213182533276268 13.760084782741616 9.3315932149562304 7.1508589093573409 7.9405067739426149 5.7366704701271365 12.131714788862155 7.9233951275236887 2.1104606594890347 1.9346953122876582 2.5237485389225185 3.0780738537287107 1.9348448241653384
leaf_count=1744 673 70 1277 681 225 382 270 1191 261 48 65 62 792 393
internal_value=-0.00115376 0.000631555 -0.0103173 0.0068948 0.0128049 -0.00423754 -0.00269895 -0.00941518 0.0187315 0.0110091 0.0279635 0.0195375 -0.0293449 -0.0206343
internal_weight=81.4445 78.6908 28.6345 50.0563 30.9748 21.7006 19.0816 13.3449 21.6432 11.7851 9.85809 9.67461 6.93387 5.01292
internal_count=8134 6390 3517 2873 1342 1659 1531 1261 661 335 326 287 1858 1185
is_linear=0
shrinkage=0.05


Tree=63
num_leaves=15
num_cat=0
split_feature=6 3 1 3 1 1 0 8 7 1 9 8 9 7
split_gain=3.48734 1.7771 1.46569 1.16826 0.963068 0.888826 0.860379 0.796397 0.659731 0.63797 0.611764 1.34296 1.42574 1.03634
threshold=1.0000000180025095e-35 0.58333333333333337 0.38452380952380955 0.58333333333333337 1.4267857142857145 1.8708333333333333 0.45000000000000023 1.0000000180025095e-35 1.0000000180025095e-35 1.1775000000000004 2.5000000000000004 1.0000000180025095e-35 1.5000000000000002 1.0000000180025095e-35
decision_type=10 2 10 2 8 8 8 10 8 8 2 8 2 8
left_child=3 6 7 -1 -5 -6 -2 -3 -7 -8 11 -4 -13 -12
right_child=1 2 10 4 5 8 9 -9 -10 -11 13 12 -14 -15
leaf_value=-0.035571433275103287 -0.033025132043790005 -0.033412323282920875 -0.018489750438009867 -0.036356549950607921 0.031073696385375573 -0.020468098398202111 0.043660328962810781 0.0031983117650530093 0.0066419969500377792 -0.0037518925103778612 -0.016703347453814976 0.016322090653934303 0.045775372114677561 0.025175776626115712
leaf_weight=6.685061809410402 2.5166740898566786 1.7563173777307373 1.7256597540108487 2.7724161245059777 1.5999142813525384 5.4402098575956179 0.73672862214153312 9.6313135960954224 3.8198020278068734 19.205973341027857 2.8288827938958994 10.573533359623989 6.7201730427332214 3.0916601235512644
leaf_count=2614 806 78 48 640 110 560 31 465 314 1495 151 365 339 92
internal_value=-0.000592452 0.00557933 0.0124148 -0.01845 -0.010054 -0.00333928 -0.00547684 -0.00244816 -0.00928505 -0.00200038 0.0192012 0.0235704 0.0277674 0.0051656
internal_weight=79.1043 58.7869 36.3275 20.3174 13.6323 10.8599 22.4594 11.3876 9.26001 19.9427 24.9399 19.0194 17.2937 5.92054
internal_count=8108 3870 1538 4238 1624 984 2332 543 874 1526 995 752 704 243
is_linear=0
shrinkage=0.05


Tree=64
num_leaves=15
num_cat=0
split_feature=2 6 3 7 3 0 0 1 0 1 0 10 1 0
split_gain=2.83696 2.10483 1.77447 1.53099 1.38349 1.17304 0.984282 0.90594 0.92297 1.45292 1.09643 0.948668 0.698059 0.67657
threshold=1.0000000180025095e-35 1.0000000180025095e-35 0.87500000000000011 1.0000000180025095e-35 0.41666666666666669 0.59999999999999998 1.05 0.25357142857142861 1.2500000000000002 2.8583333333333338 10.550000000000002 1.5000000000000002 2.1875000000000004 4.0500000000000007
decision_type=2 10 2 10 2 10 10 10 8 10 10 8 10 8
left_child=-1 5 3 6 -5 -2 -3 -4 -9 11 -11 -10 -8 -14
right_child=1 2 7 4 -6 -7 12 8 9 10 -12 -13 13 -15
leaf_value=-0.052064728734969271 -0.029406916092481 -0.015134398934725561 0.0018581424886172648 -0.0090046277373267182 0.033502803822697352 -0.0035031236231167669 0.016853489263281222 0.047050977969016326 0.023245321322691442 0.05665348460432116 0.0055856556340145606 -0.0252733842101526 -0.024602088672137812 0.0030820596065363687
leaf_weight=2.5374313499341943 6.7541495275363586 12.926452454878019 5.0389638746273731 2.8813343612709996 5.7028158950270154 12.383431129142989 6.0179105250863385 3.9252655120217215 1.8074914854951201 2.7934269839897752 1.6850788136944173 2.2762225803453475 2.9948125576192952 8.3888658517971635
leaf_count=1729 1918 1299 213 97 222 1409 188 200 52 122 43 62 190 351
internal_value=-6.17286e-05 0.00168424 0.00654318 0.000593131 0.0192349 -0.0126452 -0.00468329 0.0197535 0.0269746 0.0177708 0.0374387 -0.00379853 0.00308013 -0.00420107
internal_weight=78.1137 75.5762 56.4386 38.9122 8.58415 19.1376 30.328 17.5264 12.4875 8.56222 4.47851 4.08371 17.4016 11.3837
internal_count=8095 6366 3039 2347 319 3327 2028 692 479 279 165 114 729 541
is_linear=0
shrinkage=0.05


Tree=65
num_leaves=15
num_cat=0
split_feature=2 7 3 8 1 8 0 1 0 4 4 1 1 10
split_gain=2.59102 2.12991 2.14665 2.07633 1.08519 1.03654 1.24321 1.01165 1.7943 0.952846 0.692274 0.963593 0.816932 0.600779
threshold=1.0000000180025095e-35 1.0000000180025095e-35 0.70833333333333337 1.0000000180025095e-35 0.63809523809523816 1.0000000180025095e-35 5.0500000000000007 0.9816666666666668 0.90000000000000024 2.5000000000000004 1.5000000000000002 1.2583333333333335 1.1464285714285716 3.5000000000000004
decision_type=2 10 2 10 8 8 8 10 8 2 2 10 10 8
left_child=-1 2 4 -3 -2 6 -6 -4 -9 -5 13 12 -12 -7
right_child=1 3 7 9 5 10 -8 8 -10 -11 11 -13 -14 -15
leaf_value=-0.051816543196777504 -0.041897927998263501 -0.019807772352093508 -0.0044783890563096064 0.020115855650363265 0.0098363977214293054 -0.023311034831269676 -0.061527638443412684 0.059039957684260069 0.0097452561450030156 0.059982264162805402 -0.0067065090907901014 0.011170288288091988 -0.059531988967343255 -0.0030033039851557032
leaf_weight=2.3561915097670854 2.5509834981057784 3.1803094590432019 7.9159504394629066 12.58831404486409 0.91791381649090908 7.5748388635620367 1.8208919516473545 2.2279114452394406 10.76936337364168 1.7013914801646031 6.165838429566068 10.089511918209608 0.83045209076954041 7.014426027999435
leaf_count=1728 1000 117 623 657 90 1312 100 127 487 53 540 550 35 663
internal_value=-0.000185178 0.00142937 -0.00318916 0.0167306 -0.010432 -0.00809955 -0.0376099 0.00961283 0.018195 0.0248625 -0.00554792 0.00128253 -0.0129768 -0.0135472
internal_weight=77.7043 75.3481 57.8781 17.47 36.9649 34.4139 2.73881 20.9132 12.9973 14.2897 31.6751 17.0858 6.99629 14.5893
internal_count=8082 6354 5527 827 4290 3290 190 1237 614 710 3100 1125 575 1975
is_linear=0
shrinkage=0.05


Tree=66
num_leaves=15
num_cat=0
split_feature=6 1 3 3 0 7 3 1 7 10 10 0 7 0
split_gain=2.80988 1.74358 1.43416 1.21162 1.36258 1.12044 0.72157 0.679809 0.658326 0.597394 0.554578 1.48733 1.2377 0.515623
threshold=1.0000000180025095e-35 0.97083333333333344 0.70833333333333337 0.70833333333333337 0.80000000000000004 1.0000000180025095e-35 0.87500000000000011 0.63809523809523816 1.0000000180025095e-35 4.5000000000000009 1.5000000000000002 2.6499999999999999 1.0000000180025095e-35 9.0500000000000025
decision_type=8 10 2 2 8 10 2 8 8 8 8 10 10 10
left_child=2 6 -1 5 -5 -3 7 -2 -8 -4 -6 -12 13 -13
right_child=1 3 9 4 10 -7 8 -9 -10 -11 11 12 -14 -15
leaf_value=-0.045504025791086679 -0.040407076954580554 -0.0017571550385500996 -0.020985201568915219 0.060603422957390976 0.034200052902266041 0.020137164483851448 -0.0067907246396111086 -0.01021307308319451 0.024103019139722626 0.015697588200632526 -0.028456027986293958 0.021117128447958725 0.061123558253446925 -0.013352707062709794
leaf_weight=4.6641532994399295 2.2239843984716581 23.077930550323803 2.7501857136157923 1.943957214767577 2.8421727494860507 7.8246504860289852 4.8690757683216352 11.522241575883527 2.6700010875647422 1.8608587504131717 2.0362341220024973 2.9141038352390751 1.4557786040240897 1.728382389526814
leaf_count=2467 910 1660 342 72 129 347 321 1308 142 128 62 113 55 49
internal_value=-0.000207919 0.00345998 -0.0259552 0.0091624 0.0220199 0.00378657 -0.00828044 -0.0150981 0.00415045 -0.00618129 0.0151868 0.00854363 0.020898 0.00828412
internal_weight=74.3837 65.1085 9.2752 43.8232 12.9206 30.9026 21.2853 13.7462 7.53908 4.61104 10.9767 8.1345 6.09826 4.64249
internal_count=8105 5168 2937 2487 480 2007 2681 2218 463 470 408 279 217 162
is_linear=0
shrinkage=0.05


Tree=67
num_leaves=15
num_cat=0
split_feature=6 3 1 0 7 8 3 7 8 3 1 1 1 10
split_gain=2.72952 2.06099 1.15436 1.11724 0.864825 0.775157 1.43548 0.772079 0.724459 0.777932 0.724051 1.67794 0.997843 0.683154
threshold=1.0000000180025095e-35 0.70833333333333337 0.9816666666666668 2.2500000000000004 1.0000000180025095e-35 1.0000000180025095e-35 0.58333333333333337 1.0000000180025095e-35 1.0000000180025095e-35 0.87500000000000011 3.5071428571428576 2.5366666666666671 0.25357142857142861 1.5000000000000002
decision_type=10 2 8 10 8 10 2 10 10 2 10 10 10 10
left_child=2 3 -1 -2 -4 -5 7 -7 -6 -10 11 12 -3 -14
right_child=1 10 4 5 8 6 -8 -9 9 -11 -12 -13 13 -15
leaf_value=-0.044833754970750997 -0.0077233552848292742 0.0060956172030870838 -0.020844453638228053 -0.012720950299166034 -0.03827183119474889 -0.0070374302893674665 0.039074833807717833 0.025170133307971312 -0.0063341964290441538 0.028718837065158865 0.04148160601807982 -0.027549899675861717 0.046023945947045029 0.012962185841998909
leaf_weight=2.8471736064675524 21.280712891428266 5.3024887975188921 8.9453795202061901 3.0691787494288283 0.96414638965507027 5.7322773362830031 4.2288359147496513 2.7550538527430035 3.8276515033940077 2.6988467065821169 3.3429737309925249 1.9432717198505987 4.627998789655976 2.3588029548991472
leaf_count=1214 2228 232 1929 100 155 485 178 131 765 154 136 62 258 58
internal_value=0.000732192 0.00643969 -0.0154408 -0.000247012 -0.0103491 0.00983208 0.0152755 0.0034174 0.00218446 0.00816098 0.0205417 0.0156233 0.0224501 0.034862
internal_weight=73.9248 54.6416 19.2832 37.0661 16.436 15.7853 12.7162 8.48733 7.49064 6.5265 17.5755 14.2326 12.2893 6.9868
internal_count=8085 3868 4217 3122 3003 894 794 616 1074 919 746 610 548 316
is_linear=0
shrinkage=0.05


Tree=68
num_leaves=15
num_cat=0
split_feature=7 1 3 1 6 3 8 1 6 1 1 10 1 6
split_gain=2.41801 2.57227 1.96562 1.26243 1.19506 1.06438 0.800344 0.951545 0.543459 0.524375 0.863587 0.519064 0.492231 0.492164
threshold=1.0000000180025095e-35 1.0071428571428573 0.70833333333333337 2.4583333333333339 1.0000000180025095e-35 0.58333333333333337 1.0000000180025095e-35 0.95357142857142863 1.0000000180025095e-35 2.5535714285714288 1.8100000000000003 3.5000000000000004 2.8583333333333338 1.0000000180025095e-35
decision_type=10 10 2 8 8 2 10 8 10 8 10 8 10 10
left_child=1 6 4 8 -3 -2 -1 -8 11 10 -7 -4 -5 -14
right_child=5 2 3 12 -6 9 7 -9 -10 -11 -12 -13 13 -15
leaf_value=-0.040236662494322735 0.0042506196432175545 -0.045426221791249027 -0.013278074821181297 -0.025875367501056148 -0.0014602725625835096 0.033946752036354076 -0.033405620643936755 -0.0069726521989961618 0.050387394140402289 0.041570643650353019 -0.018393481972477116 0.043738342689758736 -0.0088611234096459979 0.023767010337928943
leaf_weight=3.565915293715082 7.6774265518470184 1.6576640741550388 0.80055842510045905 1.0371995269088081 22.862929388444172 2.2632254897034731 4.6861265282495905 12.450726230919825 3.4777214408386499 4.5101882108137943 1.2091215911787001 0.79614691538154159 1.8103302122908642 3.1964167847763747
leaf_count=651 668 958 96 53 1564 113 1772 1518 127 249 38 40 110 134
internal_value=0.000162555 -0.00466812 0.00347451 0.0209127 -0.0044325 0.0175425 -0.0186853 -0.0142008 0.0393001 0.0303263 0.0157211 0.0151514 0.00547487 0.0119694
internal_weight=72.0017 56.3417 35.639 11.1184 24.5206 15.66 20.7028 17.1369 5.07443 7.98254 3.47235 1.59671 6.04395 5.00675
internal_count=8091 7023 3082 560 2522 1068 3941 3290 263 400 151 136 297 244
is_linear=0
shrinkage=0.05


Tree=69
num_leaves=15
num_cat=0
split_feature=6 4 7 0 7 0 1 1 1 3 0 3 10 1
split_gain=2.98324 1.69826 1.45877 1.1001 0.904282 0.811198 0.778822 0.698523 0.838018 1.03735 0.967954 0.630596 0.623891 0.569434
threshold=1.0000000180025095e-35 1.5000000000000002 1.0000000180025095e-35 0.59999999999999998 1.0000000180025095e-35 0.45000000000000023 3.6125000000000003 0.93666666666666676 4.6550000000000011 0.70833333333333337 7.0500000000000007 0.87500000000000011 5.5000000000000009 1.3309523809523813
decision_type=10 2 8 8 8 8 10 8 8 2 8 2 10 8
left_child=3 5 7 -1 -5 -2 -4 -3 9 -9 -10 12 -6 -7
right_child=1 2 6 4 11 13 -8 8 10 -11 -12 -13 -14 -15
leaf_value=-0.041781227919752528 -0.031991827738065103 -0.02548431926034771 0.02154589250098482 -0.021101824259232117 -0.019880470589206955 0.024438812591929687 0.051595722540287096 0.0039777519926353679 -0.03776306287224318 0.03790518495703521 0.0057852846013398381 0.021887558450544502 0.02315591160835347 -0.003479973070026076
leaf_weight=3.2500881604792085 2.2608718058472732 1.5639384167298001 9.9143150461895839 8.1758697396726348 3.2149599830590896 2.0730573186592727 2.7555108396336427 4.6272409141529369 1.4753306522034089 4.3909653536102269 9.4443582609528658 2.7753386213444173 1.1409985059217431 15.348567372850082
leaf_count=1511 788 330 418 1755 757 73 120 188 42 189 326 159 70 1386
internal_value=0.00192725 0.00788467 0.0146233 -0.0153615 -0.00975193 -0.0038145 0.0280813 0.00669319 0.0092172 0.020497 -9.84189e-05 0.00326046 -0.00860753 -0.000157824
internal_weight=72.4114 53.8542 34.1717 18.5573 15.3072 19.6825 12.6698 21.5018 19.9379 9.01821 10.9197 7.1313 4.35596 17.4216
internal_count=8112 3860 1613 4252 2741 2247 538 1075 745 377 368 986 827 1459
is_linear=0
shrinkage=0.05


Tree=70
num_leaves=15
num_cat=0
split_feature=2 6 3 4 0 7 1 1 1 0 0 0 1 0
split_gain=2.31114 1.67268 1.19702 1.0518 0.775583 0.780309 0.656191 0.619641 0.609482 0.561741 0.440155 0.405183 0.360868 0.829359
threshold=1.0000000180025095e-35 1.0000000180025095e-35 0.70833333333333337 1.5000000000000002 0.20000000000000001 1.0000000180025095e-35 0.38452380952380955 2.6166666666666671 1.6071428571428574 -1.8499999999999996 16.850000000000005 1.1499999999999999 0.84642857142857153 0.65000000000000013
decision_type=2 8 2 2 8 10 10 8 8 10 8 10 10 8
left_child=-1 2 -2 4 -3 7 -5 11 -4 -8 12 -6 -11 -14
right_child=1 3 8 6 5 -7 9 -9 -10 10 -12 -13 13 -15
leaf_value=-0.051561262158517231 -0.042214541008446203 -0.034217942918525861 -0.039713030681525922 0.00039842973163736268 -0.018359259026362328 0.013777266639408581 0.049459712633959263 -0.017301573534863578 0.0061331892650690351 -0.017253783014756618 0.03864595662397028 0.011700897698823225 0.034744439782699019 0.0086498025130449102
leaf_weight=2.036658224897109 3.2892839847190762 1.8906321707472669 0.8996515009421272 12.187899125856346 1.4861573860689574 6.3263834231547653 1.092351677652913 7.3356286549023944 3.7326015891376301 1.06160480401014 1.5600729614961881 4.5625159560440807 3.5775858007546013 20.452163772366482
leaf_count=1724 1833 625 203 721 163 233 67 782 260 214 63 223 199 793
internal_value=0.000937343 0.00247679 -0.0191492 0.00526084 -0.00362711 -0.000692866 0.0100688 -0.00753249 -0.00277082 0.0143171 0.0128767 0.00431513 0.0112745 0.0125348
internal_weight=71.4912 69.4545 7.92154 61.533 21.6013 19.7107 39.9317 13.3843 4.63225 27.7438 26.6514 6.04867 25.0914 24.0297
internal_count=8103 6379 2296 4083 2026 1401 2057 1168 463 1336 1269 386 1206 992
is_linear=0
shrinkage=0.05


Tree=71
num_leaves=15
num_cat=0
split_feature=5 6 7 1 7 3 10 8 3 1 1 9 8 0
split_gain=2.18057 1.5912 1.11185 0.882793 0.803249 0.721367 0.654089 0.842129 0.646143 0.965963 0.938433 0.505609 0.473873 0.927142
threshold=1.0000000180025095e-35 1.0000000180025095e-35 1.0000000180025095e-35 0.9816666666666668 1.0000000180025095e-35 0.70833333333333337 2.5000000000000004 inf 0.41666666666666669 3.0380952380952384 1.6071428571428574 2.5000000000000004 1.0000000180025095e-35 1.8500000000000003
decision_type=2 10 10 8 8 2 8 8 2 10 8 2 10 8
left_child=1 3 5 -1 -5 6 11 -8 -4 10 -10 12 13 -3
right_child=-2 2 8 4 -6 -7 7 -9 9 -11 -12 -13 -14 -15
leaf_value=-0.041896906167282456 -0.051471997147484128 0.007253068159120496 0.00060664079507127963 -0.018468798595673859 0.0052237242082469604 0.011604025503461998 -0.00018682125698312409 0.03418735313057996 0.046648749550829857 0.059476217570121497 0.0041017214125819426 -0.029551579301064692 -0.00070026987446922045 -0.067383030313055106
leaf_weight=2.1161727279686628 1.9806364091346029 0.83740441058762083 2.9611695005441998 7.5918613462636104 6.7653168935576113 13.753818053344729 11.233031874973674 2.1176877774123559 1.9329364849254487 1.8597485735081134 3.9330227838363498 2.7431218836863982 8.6531939231790638 0.82702410296769813
leaf_count=970 1753 79 98 1519 866 635 637 56 84 99 128 329 846 38
internal_value=0.00023591 0.0017571 0.00613211 -0.0117483 -0.00730453 0.00231848 -0.00251698 0.0052656 0.0204651 0.0280767 0.0181217 -0.0104724 -0.00539981 -0.0298322
internal_weight=69.3061 67.3255 50.8522 16.4734 14.3572 40.1653 26.4115 13.3507 10.6869 7.72571 5.86596 13.0607 10.3176 1.66443
internal_count=8137 6384 3029 3355 2385 2620 1985 693 409 311 212 1292 963 117
is_linear=0
shrinkage=0.05


Tree=72
num_leaves=15
num_cat=0
split_feature=2 6 3 0 7 0 7 8 0 9 10 0 0 0
split_gain=2.03804 1.35383 1.35375 1.06097 0.951297 1.00741 0.794467 0.684931 0.656828 0.733756 0.642227 0.635925 0.529578 0.492566
threshold=1.0000000180025095e-35 1.0000000180025095e-35 0.41666666666666669 -1.0000000180025095e-35 1.0000000180025095e-35 19.050000000000004 1.0000000180025095e-35 1.0000000180025095e-35 -1.0000000180025095e-35 2.5000000000000004 3.5000000000000004 4.9500000000000011 3.9500000000000006 1.2500000000000002
decision_type=2 10 2 8 10 10 8 10 10 2 10 10 10 8
left_child=-1 3 -3 -2 5 8 -5 -8 10 13 -4 -6 -11 -10
right_child=1 2 4 6 11 -7 7 -9 9 12 -12 -13 -14 -15
leaf_value=-0.051960671935663255 -0.045583825285178646 -0.011886968783888483 -0.0046170793620313481 -0.017110122691683795 0.017261048791485736 -0.045238223050475278 -0.032378131790962564 0.012510572754598083 0.034478912961333201 -0.015074448343442119 0.043956337228406805 0.050515954778200679 0.019574771792141874 0.013392062175109402
leaf_weight=1.8089495652748144 1.9141145399335071 8.8468503473122819 11.467640196839049 7.6843632012314638 5.8067601014627135 0.93116296920925279 0.98956618872762181 6.0162946463751732 3.5681515804753916 3.3894137655151999 0.72343465255107808 1.9105957348365334 1.6345880001317707 12.370741241524229
leaf_count=1730 947 702 1032 1539 225 26 117 746 183 156 31 94 97 508
internal_value=0.000411381 0.00182005 0.00588184 -0.0105699 0.00964233 0.00605329 -0.00600763 0.00617012 0.00749387 0.0128608 -0.00173467 0.025494 -0.00380112 0.0181127
internal_weight=69.0626 67.2537 50.6493 16.6043 41.8025 34.0851 14.6902 7.00586 33.154 20.9629 12.1911 7.71736 5.024 15.9389
internal_count=8133 6403 3054 3349 2352 2033 2402 863 2007 944 1063 319 253 691
is_linear=0
shrinkage=0.05


Tree=73
num_leaves=15
num_cat=0
split_feature=3 6 8 10 0 10 4 0 6 0 0 0 10 6
split_gain=1.94368 1.31034 0.826845 0.897981 1.08273 0.805489 0.744898 0.768362 0.962586 0.721669 0.697364 0.476096 0.473164 0.45241
threshold=0.58333333333333337 1.0000000180025095e-35 1.0000000180025095e-35 1.5000000000000002 1.0000000180025095e-35 1.0000000180025095e-35 2.5000000000000004 3.9500000000000006 1.0000000180025095e-35 3.2500000000000004 -0.14999999999999999 -1.0000000180025095e-35 2.5000000000000004 inf
decision_type=2 8 8 10 10 8 2 10 10 10 8 8 10 8
left_child=1 -1 3 4 -2 -3 7 9 -9 11 -7 -4 13 -13
right_child=2 5 6 -5 -6 10 -8 8 -10 -11 -12 12 -14 -15
leaf_value=-0.048081531607232032 -0.037485262557942718 -0.037425522146668583 -0.01619813905638811 -0.047138614866883394 0.033119574462176921 -0.040899823276439269 0.022337068410901634 -0.0019364382100645586 0.031552360466448735 -0.035520811583891629 -0.0021804665930072677 0.0054264000153512338 -0.013582476127081087 0.029681489283415359
leaf_weight=2.1686845695512629 0.93221137634827833 2.0366228122002239 2.9172495356178842 1.4271921635372562 1.3004809190388185 1.2363005047809563 7.9708648051528135 3.6549779623164778 5.1965111212339252 1.3201744371908706 19.587513477781616 13.458038880329706 2.7526849001587825 2.242902938647604
leaf_count=1809 118 775 693 70 43 499 482 257 238 72 1846 873 120 197
internal_value=0.000147756 -0.010938 0.0065746 -0.0161614 0.00364008 -0.00741438 0.00868049 0.00522945 0.0177241 0.000355446 -0.00447922 0.00257168 0.00553892 0.00889128
internal_weight=68.2024 25.0291 43.1733 3.65988 2.23269 22.8604 39.5134 31.5425 8.85149 22.6911 20.8238 21.3709 18.4536 15.7009
internal_count=8092 4929 3163 231 161 3120 2932 2450 495 1955 2345 1883 1190 1070
is_linear=0
shrinkage=0.05


Tree=74
num_leaves=15
num_cat=0
split_feature=2 6 1 7 1 3 8 1 3 9 10 10 10 1
split_gain=1.81573 1.46372 1.02486 0.933033 1.18735 0.714453 0.760038 0.726301 0.778428 0.97747 0.638469 0.613587 0.596506 0.558234
threshold=1.0000000180025095e-35 1.0000000180025095e-35 0.9816666666666668 1.0000000180025095e-35 2.5937500000000004 0.87500000000000011 1.0000000180025095e-35 0.90714285714285736 0.58333333333333337 2.5000000000000004 2.5000000000000004 2.5000000000000004 1.0000000180025095e-35 2.3875000000000006
decision_type=2 10 8 10 10 2 8 10 2 2 10 10 10 10
left_child=-1 2 -2 5 -5 6 -3 11 -9 12 -7 -8 -10 -14
right_child=1 3 -4 4 -6 10 7 8 9 -11 -12 -13 13 -15
leaf_value=-0.051122475710065056 -0.047322135586927633 -0.031000438078316973 -0.0070942708962400645 0.0078840013310924606 0.044964989373757702 0.0079974422887892829 -0.016778268170247725 -0.0027787823607805782 0.048820437874025173 -0.018997746634589849 0.042480933898069839 0.028619116381568867 -0.0062670963629492668 0.034403969463548151
leaf_weight=1.6819608671576123 1.7739776270464087 2.1161327076843008 14.726014914846017 7.0048229738022183 3.1205345097696409 10.815305929689201 7.2639596441804368 10.095586746334449 2.1633494057459748 1.3592127033625727 1.5325311324559141 0.82928550429642189 1.5978872375562789 1.7875134632922707
leaf_count=1726 955 125 2384 257 149 542 933 652 94 51 67 47 56 76
internal_value=0.000179961 0.00148369 -0.0114193 0.00576858 0.019312 0.00230222 -0.00222396 0.000202434 0.00607071 0.0190037 0.0122773 -0.0121266 0.0283125 0.0152075
internal_weight=67.8681 66.1861 16.5 49.6861 10.1254 39.5608 27.2129 25.0968 17.0035 6.90796 12.3478 8.09325 5.54875 3.3854
internal_count=8114 6388 3339 3049 406 2643 2034 1909 929 277 609 980 226 132
is_linear=0
shrinkage=0.05


Tree=75
num_leaves=15
num_cat=0
split_feature=2 7 0 3 0 6 8 8 0 1 0 3 6 10
split_gain=1.71167 1.47685 1.12387 1.09856 0.981751 0.832294 0.772648 0.76917 0.638793 0.615456 0.575288 0.525335 0.380278 0.454729
threshold=1.0000000180025095e-35 1.0000000180025095e-35 1.0000000180025095e-35 0.87500000000000011 0.90000000000000024 1.0000000180025095e-35 1.0000000180025095e-35 1.0000000180025095e-35 0.90000000000000024 3.4071428571428575 3.9500000000000006 0.58333333333333337 1.0000000180025095e-35 3.5000000000000004
decision_type=2 10 8 2 8 8 8 8 8 8 8 2 10 10
left_child=-1 2 -2 5 -5 -4 -7 -3 -8 -10 -11 -9 -13 -14
right_child=1 7 3 4 -6 6 8 11 9 10 -12 12 13 -15
leaf_value=-0.051021180449068372 -0.023869873302709888 -0.021772353197403126 -0.041269918440666534 0.052431745822951251 0.0069790802179910492 -0.034930839522286504 -0.031933554833675527 0.0089345263832143265 0.0096694155758513239 -0.043270189018399352 -0.0035805900023133247 0.012292916476440581 0.050730952706302346 0.017408469033905107
leaf_weight=1.6035124612462812 5.59539351568674 1.2532901948143262 1.5595760593059846 1.3011954665853389 13.658511200861538 1.8506888730044011 1.6143506639928085 6.2638953099813044 10.477704621036546 0.98387462348909183 12.674511297955183 2.1995400407467969 2.6458845463930629 1.6700032688677309
leaf_count=1737 1858 66 1047 88 719 98 175 425 526 78 951 173 128 54
internal_value=-1.92923e-07 0.00128318 -0.00276002 -8.2847e-05 0.0109326 -0.00573385 -0.00372591 0.0156077 -0.00148321 0.00055347 -0.00643961 0.0192736 0.0292136 0.037837
internal_weight=65.3519 63.7484 49.7158 44.1204 14.9597 29.1607 27.6011 14.0326 25.7504 24.1361 13.6584 12.7793 6.51543 4.31589
internal_count=8123 6386 5540 3682 807 2875 1828 846 1730 1555 1029 780 355 182
is_linear=0
shrinkage=0.05


Tree=76
num_leaves=15
num_cat=0
split_feature=2 1 4 6 0 0 4 3 1 7 3 8 8 7
split_gain=1.58352 1.25884 0.904646 0.753092 0.689906 0.767016 0.674869 0.567996 0.59348 0.476584 0.453893 0.477043 0.43399 0.425228
threshold=1.0000000180025095e-35 0.95357142857142863 2.5000000000000004 1.0000000180025095e-35 18.550000000000004 7.5500000000000007 2.5000000000000004 0.41666666666666669 2.5366666666666671 1.0000000180025095e-35 0.58333333333333337 1.0000000180025095e-35 1.0000000180025095e-35 1.0000000180025095e-35
decision_type=2 8 2 10 8 8 2 2 10 8 2 8 8 10
left_child=-1 6 3 10 5 7 -2 -5 -9 -8 -3 -12 -6 -10
right_child=1 2 -4 4 12 -7 9 8 13 -11 11 -13 -14 -15
leaf_value=-0.0506735935917077 -0.030315079598899609 -0.02526543801215226 0.019998463821639126 -0.0098684144251934506 -0.036123504451745329 0.027857369017476021 -0.028533367727973987 0.016515989958350439 -0.0086455541306629004 0.040141256825950773 -0.044604430892021069 -0.00053976520338605961 -0.00249328468623276 0.02921996119709799
leaf_weight=1.5161240663292108 4.4605865183402775 3.4614038561521729 7.0454311608482376 4.9199794602172977 1.0455284135532565 4.4498970017593811 0.40885711516602863 10.697813481820051 5.1112975192518197 0.66115920891752478 0.6646042420543381 8.1000847741888684 11.63350770182296 0.8672378051560371
leaf_count=1740 1698 1250 373 315 45 190 99 479 297 42 69 881 603 54
internal_value=-0.000173383 0.00103184 0.00320534 0.000883226 0.00429879 0.00895507 -0.0217606 0.00506027 0.00946464 0.0139004 -0.00993533 -0.00388108 -0.00526647 -0.00315284
internal_weight=65.0435 63.5274 57.9968 50.9514 38.7253 26.0462 5.5306 21.5963 16.6763 1.07002 12.2261 8.76469 12.679 5.97854
internal_count=8135 6395 4556 4183 1983 1335 1839 1145 830 141 2200 950 648 351
is_linear=0
shrinkage=0.05


Tree=77
num_leaves=15
num_cat=0
split_feature=2 6 3 1 8 0 7 11 3 9 0 9 1 0
split_gain=1.51788 1.15075 0.981247 0.712366 0.658105 0.862526 0.640796 0.586332 0.624803 0.921231 0.542144 0.46273 0.377167 0.370475
threshold=1.0000000180025095e-35 1.0000000180025095e-35 0.70833333333333337 0.25357142857142861 1.0000000180025095e-35 4.4500000000000011 1.0000000180025095e-35 1.0000000180025095e-35 0.58333333333333337 2.5000000000000004 1.9500000000000004 3.5000000000000004 1.6708333333333336 1.1499999999999999
decision_type=2 8 2 8 8 8 10 10 2 2 10 2 10 10
left_child=-1 2 -2 -3 5 12 7 8 13 -10 -4 -11 -5 -6
right_child=1 3 10 4 6 -7 -8 -9 9 11 -12 -13 -14 -15
leaf_value=-0.050652260488657369 -0.042092782085356099 -0.03703289949328975 -0.027112620436396569 -0.0078824820137258569 -0.017330049311189092 -0.033802206165461063 0.016205081498394756 -0.029474449508844199 0.013539136690742585 -0.01429107504106498 0.010536723039461468 0.023382344309977217 0.040161905462336528 0.00073545326996341963
leaf_weight=1.461488640110473 2.679633293846563 1.0774687624652859 1.5072012033342614 0.95460985548561417 4.2571917339882921 2.4840990866359789 11.093500760602181 1.3737470803825989 19.672229367781259 5.2922052058856925 2.6154300143971341 0.96346257941331703 0.71405498462263495 8.512447601038728
leaf_count=1743 1809 344 308 88 902 107 493 97 1076 284 153 80 29 595
internal_value=-0.000275882 0.000889112 -0.0185378 0.00323236 0.00401664 -0.0151261 0.00557035 0.00262618 0.00376574 0.00822441 -0.00322758 -0.00848883 0.0126767 -0.00528729
internal_weight=64.6588 63.1973 6.80226 56.395 55.3175 4.15276 51.1648 40.0713 38.6975 25.9279 4.12263 6.25567 1.66866 12.7696
internal_count=8108 6365 2270 4095 3751 224 3527 3034 2937 1440 461 364 117 1497
is_linear=0
shrinkage=0.05


end of trees

feature_importances:
Column_1=187
Column_3=174
Column_0=172
Column_7=139
Column_6=109
Column_10=106
Column_2=69
Column_4=56
Column_8=40
Column_9=19
Column_5=17
Column_11=4

parameters:
[boosting: gbdt]
[objective: lambdarank]
[metric: ndcg]
[tree_learner: serial]
[device_type: cpu]
[data_sample_strategy: bagging]
[data: ]
[valid: ]
[num_iterations: 500]
[learning_rate: 0.05]
[num_leaves: 15]
[num_threads: 0]
[seed: 42]
[deterministic: 1]
[force_col_wise: 0]
[force_row_wise: 1]
[histogram_pool_size: -1]
[max_depth: -1]
[min_data_in_leaf: 50]
[min_sum_hessian_in_leaf: 0.001]
[bagging_fraction: 0.9]
[pos_bagging_fraction: 1]
[neg_bagging_fraction: 1]
[bagging_freq: 1]
[bagging_seed: 400]
[bagging_by_query: 0]
[feature_fraction: 0.9]
[feature_fraction_bynode: 1]
[feature_fraction_seed: 30056]
[extra_trees: 0]
[extra_seed: 12879]
[early_stopping_round: 0]
[early_stopping_min_delta: 0]
[first_metric_only: 0]
[max_delta_step: 0]
[lambda_l1: 0]
[lambda_l2: 0]
[linear_lambda: 0]
[min_gain_to_split: 0]
[drop_rate: 0.1]
[max_drop: 50]
[skip_drop: 0.5]
[xgboost_dart_mode: 0]
[uniform_drop: 0]
[drop_seed: 17869]
[top_rate: 0.2]
[other_rate: 0.1]
[min_data_per_group: 100]
[max_cat_threshold: 32]
[cat_l2: 10]
[cat_smooth: 10]
[max_cat_to_onehot: 4]
[top_k: 20]
[monotone_constraints: ]
[monotone_constraints_method: basic]
[monotone_penalty: 0]
[feature_contri: ]
[forcedsplits_filename: ]
[refit_decay_rate: 0.9]
[cegb_tradeoff: 1]
[cegb_penalty_split: 0]
[cegb_penalty_feature_lazy: ]
[cegb_penalty_feature_coupled: ]
[path_smooth: 0]
[interaction_constraints: ]
[verbosity: -1]
[saved_feature_importance_type: 0]
[use_quantized_grad: 0]
[num_grad_quant_bins: 4]
[quant_train_renew_leaf: 0]
[stochastic_rounding: 1]
[linear_tree: 0]
[max_bin: 255]
[max_bin_by_feature: ]
[min_data_in_bin: 3]
[bin_construct_sample_cnt: 200000]
[data_random_seed: 175]
[is_enable_sparse: 1]
[enable_bundle: 1]
[use_missing: 1]
[zero_as_missing: 0]
[feature_pre_filter: 1]
[pre_partition: 0]
[two_round: 0]
[header: 0]
[label_column: ]
[weight_column: ]
[group_column: ]
[ignore_column: ]
[categorical_feature: ]
[forcedbins_filename: ]
[precise_float_parser: 0]
[parser_config_file: ]
[objective_seed: 16083]
[num_class: 1]
[is_unbalance: 0]
[scale_pos_weight: 1]
[sigmoid: 1]
[boost_from_average: 1]
[reg_sqrt: 0]
[alpha: 0.9]
[fair_c: 1]
[poisson_max_delta_step: 0.7]
[tweedie_variance_power: 1.5]
[lambdarank_truncation_level: 10]
[lambdarank_norm: 1]
[label_gain: ]
[lambdarank_position_bias_regularization: 0]
[eval_at: 5,10]
[multi_error_top_k: 1]
[auc_mu_weights: ]
[num_machines: 1]
[local_listen_port: 12400]
[time_out: 120]
[machine_list_filename: ]
[machines: ]
[gpu_platform_id: -1]
[gpu_device_id: -1]
[gpu_device_id_list: ]
[gpu_use_dp: 0]
[num_gpu: 1]

end of parameters

pandas_categorical:null
